Character_JP,Character_KO,EndingType_JP,EndingType_KO,Version_JP,Version_KO
共通/職業,공통/직업,飼い殺し,길러짐,,
共通/職業,공통/직업,下級貴族,하급귀족,,
共通/職業,공통/직업,衛士,위사,,
共通/職業,공통/직업,文官,문관,,
共通/職業,공통/직업,神官,신관,,
共通/職業,공통/직업,儀官,의관,,
共通/職業,공통/직업,接待役,접대역,,
共通/職業,공통/직업,渉外官,섭외관,,
共通/職業,공통/직업,中級貴族,중급귀족,,
共通/職業,공통/직업,衛士長,위사장,,
共通/職業,공통/직업,文官長,문관장,,
共通/職業,공통/직업,神殿長,신관장,,
共通/職業,공통/직업,儀官長,의관장,,
共通/職業,공통/직업,麗人,미인,,
共通/職業,공통/직업,渉外長,섭외장,,
共通/職業,공통/직업,上級貴族,상급귀족,,
共通/職業,공통/직업,大神官長,대신관장,,
共通/職業,공통/직업,王,왕,,
共通/職業,공통/직업,王配,왕의 반려,,
共通/職業,공통/직업,保留,보류,,
共通/職業,공통/직업,監禁,감금,,
共通/職業,공통/직업,反逆者,반역자,,
共通/職業,공통/직업,魔術師,마술사,,
共通/職業,공통/직업,逃亡,도망,,
共通/職業,공통/직업,未定,未定,,
ヴァイル,바일,エンディング・愛情,엔딩·애정,verA: ヴ「最後の日」結婚承諾,verA: 바 「마지막 날」결혼 승낙
ヴァイル,바일,エンディング・愛情,엔딩·애정,verB: ヴ「すれ違いの果てに」生還,verB: 바「엇갈림 끝에」생환
ヴァイル,바일,エンディング・憎悪,엔딩·증오,verA: 王位継承,verA: 왕위 계승
ヴァイル,바일,エンディング・憎悪,엔딩·증오,verB:好友高,verB:호友 높음
ヴァイル,바일,エンディング・憎悪,엔딩·증오,verC: 好友低,verC: 호友 낮음
ヴァイル,바일,エンディング・友情,엔딩·우정,verA: 王位継承,verA: 왕위 계승
ヴァイル,바일,エンディング・友情,엔딩·우정,verB: 王以外,verB: 왕 이외
ヴァイル,바일,エンディング・裏切,엔딩·배반,verA: ヴ「最後の裏切」,verA: 바 「마지막 배반」
ヴァイル,바일,エンディング・裏切,엔딩·배반,verB: ヴ「すれ違いの果てに」生還,verB: 바「엇갈림 끝에」생환
ヴァイル,바일,エンディング・殺害,엔딩·살해,verA: ヴ「すれ違いの果てに」毒殺,verA: 바 「엇갈림 끝에」독살
ヴァイル,바일,エンディング・殺害,엔딩·살해,verB: 試合にて殺傷,verB: 시합에서 살상
ヴァイル,바일,エンディング・殺害,엔딩·살해,verC: ヴ「最後の日」転落死,verC: 바 「마지막 날」 추락사
タナッセ,타낫세,エンディング・愛情,엔딩·애정,verA: 王位継承,verA: 왕위 계승
タナッセ,타낫세,エンディング・愛情,엔딩·애정,verB: 王以外,verB: 왕 이외
タナッセ,타낫세,エンディング・憎悪,엔딩·증오,verA: 性別男＆ヴ好愛35以上,verA: 성별남＆바 호愛 35이상
タナッセ,타낫세,エンディング・憎悪,엔딩·증오,verB: それ以外,verB: 그 이외
タナッセ,타낫세,エンディング・友情,엔딩·우정,verA: タ「最後の日」引き止め,verA: 타 「마지막 날」 만류
タナッセ,타낫세,エンディング・友情,엔딩·우정,verB: 詩人の正体判明,verB: 시인의 정체 판명
タナッセ,타낫세,エンディング・友情,엔딩·우정,verC: それ以外,verC: 그 이외
タナッセ,타낫세,エンディング・裏切,엔딩·배반,단일(Single),단일(Single)
タナッセ,타낫세,エンディング・殺害,엔딩·살해,verA: タ「与えられるべき報い」告発,verA: 타 「받아야만 하는 죗값」고발
タナッセ,타낫세,エンディング・殺害,엔딩·살해,verB: タ「最後の日」殺害成功,verB: 타 「마지막 날」살해 성공
リリアノ,릴리아노,エンディング・愛情,엔딩·애정,verA: 王位継承,verA: 왕위 계승
リリアノ,릴리아노,エンディング・愛情,엔딩·애정,verB: 王以外,verB: 왕 이외
リリアノ,릴리아노,エンディング・憎悪,엔딩·증오,verA: リ「最後の日」刺殺,verA: 리 「마지막 날」피살
リリアノ,릴리아노,エンディング・憎悪,엔딩·증오,verB: それ以外,verB: 그 이외
リリアノ,릴리아노,エンディング・友情,엔딩·우정,verA: リ「継がれゆく世代」,verA: 리 「이어지는 세대」
リリアノ,릴리아노,エンディング・友情,엔딩·우정,verB: 王位継承,verB: 왕위 계승
リリアノ,릴리아노,エンディング・友情,엔딩·우정,verC: それ以外,verC: 그 이외
リリアノ,릴리아노,エンディング・裏切,엔딩·배반,단일(Single),단일(Single)
リリアノ,릴리아노,エンディング・殺害,엔딩·살해,verA: 王位継承,verA: 왕위 계승
リリアノ,릴리아노,エンディング・殺害,엔딩·살해,verB:王以外,verB:왕 이외
リリアノ,릴리아노,エンディング・殺害,엔딩·살해,verC: 他者の手で毒殺,verC: 다른 사람의 손으로 독살
リリアノ,릴리아노,エンディング・殺害,엔딩·살해,verD: ヴァイル殺害後に暗殺,verD: ヴァイル殺害後に暗殺
ローニカ,로니카,エンディング・愛情,엔딩·애정,verA: ロ「想い人の正体」,verA: 로 「마음에 둔 사람의 정체」
ローニカ,로니카,エンディング・愛情,엔딩·애정,verB: それ以外,verB: 그 이외
ローニカ,로니카,エンディング・憎悪,엔딩·증오,단일(Single),단일(Single)
ローニカ,로니카,エンディング・友情,엔딩·우정,verA: 王位継承＆城へ残留,verA: 왕위 계승＆성에 잔류
ローニカ,로니카,エンディング・友情,엔딩·우정,verB: 王以外＆城へ残留,verB: 왕 이외＆성에 잔류
ローニカ,로니카,エンディング・友情,엔딩·우정,verC: 側付き辞退,verC: 방 담당 사퇴
ローニカ,로니카,エンディング・裏切,엔딩·배반,단일(Single),단일(Single)
ローニカ,로니카,エンディング・殺害,엔딩·살해,단일(Single),단일(Single)
サニャ,사냐,エンディング・愛情,엔딩·애정,verA: 王位継承＆結婚,verA: 왕위 계승＆결혼
サニャ,사냐,エンディング・愛情,엔딩·애정,verB: 王以外＆結婚,verB: 왕 이외＆결혼
サニャ,사냐,エンディング・愛情,엔딩·애정,verC: 現状維持,verC: 현상 유지
サニャ,사냐,エンディング・憎悪,엔딩·증오,verA: 結婚,verA: 결혼
サニャ,사냐,エンディング・憎悪,엔딩·증오,verB: 名声高,verB: 명성 높음
サニャ,사냐,エンディング・憎悪,엔딩·증오,verC: 名声低,verC: 명성 낮음
サニャ,사냐,エンディング・友情,엔딩·우정,단일(Single),단일(Single)
サニャ,사냐,エンディング・裏切,엔딩·배반,단일(Single),단일(Single)
サニャ,사냐,エンディング・殺害,엔딩·살해,verA: 罪を着せる,verA: 죄를 뒤집어씌우다
サニャ,사냐,エンディング・殺害,엔딩·살해,verB: サニャ殺意有,verB: 사냐 살의 있음
グレオニー,그레오니,エンディング・愛情,엔딩·애정,verA: グ「最後の試合」優勝,verA: 그 「마지막 시합」우승
グレオニー,그레오니,エンディング・愛情,엔딩·애정,verB: 護衛就任,verB: 호위 취임
グレオニー,그레오니,エンディング・愛情,엔딩·애정,verC: グ「衛士の決心」,verC: 그 「위사의 결심」
グレオニー,그레오니,エンディング・憎悪,엔딩·증오,verA: グ「適切な処罰」,verA: 그 「적절한 처벌」
グレオニー,그레오니,エンディング・憎悪,엔딩·증오,verB: それ以外,verB: 그 이외
グレオニー,그레오니,エンディング・友情,엔딩·우정,verA: 城から出奔,verA: 성에서 도망
グレオニー,그레오니,エンディング・友情,엔딩·우정,verB: 城へ残留,verB: 성에 잔류
グレオニー,그레오니,エンディング・友情,엔딩·우정,verC: 護衛を継続,verC: 호위를 계속
グレオニー,그레오니,エンディング・裏切,엔딩·배반,verA: グ「最後の試合」優勝,verA: 그 「마지막 시합」우승
グレオニー,그레오니,エンディング・裏切,엔딩·배반,verB: 護衛就任,verB: 호위 취임
グレオニー,그레오니,エンディング・殺害,엔딩·살해,단일(Single),단일(Single)
モゼーラ,모제라,エンディング・愛情,엔딩·애정,verA: モ「どうしてこの城に」素性判明,verA: 모 「어째서 이 성에」태생 판명
モゼーラ,모제라,エンディング・愛情,엔딩·애정,verB: 王位継承,verB: 왕위 계승
モゼーラ,모제라,エンディング・愛情,엔딩·애정,verC: 王以外,verC: 왕 이외
モゼーラ,모제라,エンディング・憎悪,엔딩·증오,단일(Single),단일(Single)
モゼーラ,모제라,エンディング・友情,엔딩·우정,verA: モ「継がれゆく世代」,verA: 모 「이어지는 세대」
モゼーラ,모제라,エンディング・友情,엔딩·우정,verB: 王位継承,verB: 왕위 계승
モゼーラ,모제라,エンディング・友情,엔딩·우정,verC: 王以外,verC: 왕 이외
モゼーラ,모제라,エンディング・裏切,엔딩·배반,verA: モ「最後の裏切」,verA: 모 「마지막 배반」
モゼーラ,모제라,エンディング・裏切,엔딩·배반,verB: モ「最後の日」告発,verB: 모 「마지막 날」고발
モゼーラ,모제라,エンディング・殺害,엔딩·살해,verA: モ「最後の日」告発＆素性判明,verA: 모 「마지막 날」고발＆태생 판명
モゼーラ,모제라,エンディング・殺害,엔딩·살해,verB: モ「最後の日」告発＆謀反画策,verB: 모 「마지막 날」고발＆모반 획책
ティントア,틴토아,エンディング・愛情,엔딩·애정,verA: 主人公神殿入り,verA: 주인공 신전에 들어가다
ティントア,틴토아,エンディング・愛情,엔딩·애정,verB: ティントア城に残留,verB: 틴트아 성에 잔류
ティントア,틴토아,エンディング・憎悪,엔딩·증오,verA: 城外訪問を妨害・突き出す,verA: 성밖 방문을 방해·넘긴다
ティントア,틴토아,エンディング・憎悪,엔딩·증오,verB: テ「最後の日」,verB: 틴 「마지막 날」
ティントア,틴토아,エンディング・友情,엔딩·우정,verA: テ「ただ一つの期待」,verA: 틴 「단 한가지 기대」
ティントア,틴토아,エンディング・友情,엔딩·우정,verB: 主人公神殿入り,verB: 주인공 신전에 들어가다
ティントア,틴토아,エンディング・友情,엔딩·우정,verC: ティントア城に残留,verC: 틴트아 성에 잔류
ティントア,틴토아,エンディング・裏切,엔딩·배반,verA: テ「最後の裏切」＆ル登場済,verA: 틴 「마지막 배반」＆루 등장
ティントア,틴토아,エンディング・裏切,엔딩·배반,verB: テ「最後の裏切」＆ル未登場,verB: 틴 「마지막 배반」＆루 미등장
ティントア,틴토아,エンディング・裏切,엔딩·배반,verC: 「最後の日」他者訪問時、妨害,"verC:  「마지막 날」다른 사람 방문시, 방해"
ティントア,틴토아,エンディング・殺害,엔딩·살해,verA: テ「最後の日」刺殺,verA: 틴 「마지막 날」피살
ティントア,틴토아,エンディング・殺害,엔딩·살해,verB: テ「最後の日」毒殺,verB: 틴 「마지막 날」독살
ティントア,틴토아,エンディング・殺害,엔딩·살해,verC: テ「最後の日」魔術師告発,verC: 틴 「마지막 날」마술사 고발
ルージョン,루죤,エンディング・愛情,엔딩·애정,verA: 性別選択「男」,verA: 성별 선택 「남자」
ルージョン,루죤,エンディング・愛情,엔딩·애정,verB: 性別選択「女」,verB: 성별 선택 「여자」
ルージョン,루죤,エンディング・憎悪,엔딩·증오,verA: 老魔女殺害＆ル印象憎悪,verA: 늙은 마녀 살해＆루 인상 증오
ルージョン,루죤,エンディング・憎悪,엔딩·증오,verB: ル「最後の日」告発・取り逃し,verB: 루 「마지막 날」고발·놓치다
ルージョン,루죤,エンディング・友情,엔딩·우정,verA: ル「ただ一つの期待」,verA: 루 「단 한가지 기대」
ルージョン,루죤,エンディング・友情,엔딩·우정,verB: 魔術師弟子入り,verB: 마술사 입문
ルージョン,루죤,エンディング・裏切,엔딩·배반,단일(Single),단일(Single)
ルージョン,루죤,エンディング・殺害,엔딩·살해,verA: ル「最後の日」紙片を渡す,verA: 루 「마지막 날」종잇조각 건네줌
ルージョン,루죤,エンディング・殺害,엔딩·살해,verB: 家で殺害,verB: 집에서 살해
ルージョン,루죤,エンディング・殺害,엔딩·살해,verC:城で殺害,verC:성에서 살해
ルージョン,루죤,エンディング・殺害,엔딩·살해,verD: 最後の日以前に死亡,verD: 마지막 날 이전에 사망
トッズ,토즈,エンディング・愛情,엔딩·애정,verA: 駆け落ち成功,verA: 사랑의 도피 성공
トッズ,토즈,エンディング・愛情,엔딩·애정,verB: ト「想い人の正体」,verB: 톳 「마음에 둔 사람의 정체」
トッズ,토즈,エンディング・愛情,엔딩·애정,verC: ヴァイルと結婚,verC: ヴァイルと結婚
トッズ,토즈,エンディング・憎悪,엔딩·증오,verA: 護衛就任後,verA: 호위 취임 후
トッズ,토즈,エンディング・憎悪,엔딩·증오,verB: 護衛就任前,verB: 호위 취임 전
トッズ,토즈,エンディング・友情,엔딩·우정,verA: 王位継承,verA: 왕위 계승
トッズ,토즈,エンディング・友情,엔딩·우정,verB: それ以外,verB: 그 이외
トッズ,토즈,エンディング・裏切,엔딩·배반,verA: ト「最後の裏切」,verA: 톳 「마지막 배반」
トッズ,토즈,エンディング・裏切,엔딩·배반,verB: ト「求めるただ一つは」,verB: 톳 「요구하는 단 하나는」
トッズ,토즈,エンディング・裏切,엔딩·배반,verC: ヴァイルと結婚,verC: ヴァイルと結婚
トッズ,토즈,エンディング・殺害,엔딩·살해,verA: 護衛就任前,verA: 호위 취임 전
トッズ,토즈,エンディング・殺害,엔딩·살해,verB: 護衛就任後・駆け落ち失敗,verB: 호위 취임 후·사랑의 도피 실패
トッズ,토즈,エンディング・殺害,엔딩·살해,verC: 護衛就任後・始末,verC: 호위 취임 후·처리
ユリリエ,유리리에,エンディング・愛情,엔딩·애정,verA: ユ「永遠に変わらぬ」,verA: 유 「영원히 변함없는」
ユリリエ,유리리에,エンディング・愛情,엔딩·애정,verB: それ以外,verB: 그 이외
ユリリエ,유리리에,エンディング・憎悪,엔딩·증오,verA: ユ「最後の日」愛要求,verA: 유 「마지막 날」 사랑 요구
ユリリエ,유리리에,エンディング・憎悪,엔딩·증오,verB: ユ「最後の日」名誉要求or罵る,verB: 유 「마지막 날」명예 요구 or 매도한다
ユリリエ,유리리에,エンディング・友情,엔딩·우정,verA: 王位継承,verA: 왕위 계승
ユリリエ,유리리에,エンディング・友情,엔딩·우정,verB: それ以外,verB: 그 이외
ユリリエ,유리리에,エンディング・裏切,엔딩·배반,verA: 愛情ルート,verA: 애정 루트
ユリリエ,유리리에,エンディング・裏切,엔딩·배반,verB: 憎悪ルート,verB: 증오 루트
ユリリエ,유리리에,エンディング・殺害,엔딩·살해,verA: ユ「最後の日」好愛35以上,verA: 유 「마지막 날」호愛 35이상
ユリリエ,유리리에,エンディング・殺害,엔딩·살해,verB: ユ「最後の日」好愛-35以下,verB: 유 「마지막 날」호愛-35 이하
