Character_JP,Character_KO,EventID,Title_JP,Title_KO,Remarks
ヴァイル,바일,0_1,登場,등장,
ヴァイル,바일,0_2,彼なりの案内,그나름의 안내,인상 마이너스
ヴァイル,바일,0_3,秘密の場所,비밀 장소,바 「함께 시합 구경」 내기 승리
ヴァイル,바일,0_4,悪ふざけ,못된 장난,바 「함께 시합 구경」 내기 패배
ヴァイル,바일,0_5,信頼すべきは,신뢰 해야 할 것은,무도회 불참가 | 시합 불참가 | 바 이벤트 5회 이하
ヴァイル,바일,0_6,ランテの晩餐,란테의 만찬,호감 40이상 | 호愛 15이상 | 타 호감 마이너스
ヴァイル,바일,0_7,ささやかな儀式,자그마한 의식,바 「란테의 만찬」미승낙 | 호愛타 20이상
ヴァイル,바일,0_8,いる理由,있는 이유,호友 35이상 | 타 호友 or호愛 35이상
ヴァイル,바일,0_9,あんたにとって,너에게,호愛 20이상
ヴァイル,바일,0_10,湖への誘い,호수로 가자는 권유,호愛 30이상 | 바 「고백」권유 미발생
ヴァイル,바일,0_11,いざ尋常に,정정당당하게,최고 능력치 100이상 | (隠しパラ以外)
ヴァイル,바일,0_18,適切な処罰,적절한 처벌,그 「부딪치는 검」부상 | 호友 20이상
ヴァイル,바일,0_19,不安,불안,바 「호수 위의 약속」약속 | 호愛 35이상 인愛 34 이하 | or호愛 34 이하 호友 35이상
ヴァイル,바일,0_20,すれ違いの果てに,엇갈림 끝에,바 「불안」약속 파기
ヴァイル,바일,0_21,ひそやかな噂,은밀한 소문,랜덤(인愛에 의해 확률 변화)
ヴァイル,바일,0_22,一緒に訓練,함께 훈련,호友 20이상
ヴァイル,바일,0_23,武勇に励み,무용에 열심,무용 50이상 | 호愛 최대
ヴァイル,바일,0_24,知力に励み,지력에 열심,지력 50이상 | 호愛 최대
ヴァイル,바일,0_25,信仰に励み,신앙에 열심,신앙 50이상 | 호愛 최대
ヴァイル,바일,0_26,礼節に励み,예절에 열심,예절 50이상 | 호愛 최대
ヴァイル,바일,0_27,魅力に励み,매력에 열심,매력 50이상 | 호愛 최대
ヴァイル,바일,0_28,交渉に励み,교섭에 열심,교섭 50이상 | 호愛 최대
ヴァイル,바일,0_29,威厳に励み,위엄에 열심,위엄 50이상 | 호愛 최대
ヴァイル,바일,0_30,お見舞い,병문안,체력 19 이하 | 호愛 20이상 최대
ヴァイル,바일,0_31,告白,고백,인愛 35이상(제일)
ヴァイル,바일,0_32,嫉妬,질투,호愛 35이상 | 인愛 2번째 이하 | 인愛 최고 캐릭터 호愛 35(루30) 이상
ヴァイル,바일,0_33,愛しき夢,사랑스러운 꿈,안뜰 점：愛 조작 3회이상
ヴァイル,바일,0_34,親しき夢,친밀한 꿈,안뜰 점：友 조작 3회이상
ヴァイル,바일,0_40,ランテの警告,ランテの警告,リ好愛-20以下 | 好感20以上or好感マイナス
ヴァイル,바일,0_51,初めての市,첫 시장,
ヴァイル,바일,0_52,剣の訓練,검의 훈련,
ヴァイル,바일,0_53,王様になったら,왕이 되면,
ヴァイル,바일,0_54,厭味の応酬,염미의 응수,타 호감 마이너스
ヴァイル,바일,0_55,ずるずるからの逃走,질질 끌리는 옷에서 도주,
ヴァイル,바일,0_56,試合に出たい,시합에 나가고 싶다,어전 시합 출장
ヴァイル,바일,0_57,試合の前に,시합 전에,ヴ「試合に出たい」了承後、翌月の試合開催まで | 바일 시합 미출장
ヴァイル,바일,0_58,長く短く,길고 짧고,호감 10이상 | 유 호감 10이상 | 유 「진단을 부탁」
ヴァイル,바일,0_59,城抜け手伝い,성 탈출 도움,호감 마이너스 | 바 「시찰 동행」미발생
ヴァイル,바일,0_60,視察への同行,시찰 동행,호友 25이상 | 바 「성 탈출 도움」미발생
ヴァイル,바일,0_61,内緒の酒盛り,비밀 술잔치,호友 25이상 | 바 「시찰 동행」 술잔치 약속
ヴァイル,바일,0_62,本当にほしいもの,정말 원하는 것,호감 25이상 | 바 「왕이 되면」
ヴァイル,바일,0_63,抱えて一人,포옹한 한 사람,바 「질질 끌리는 옷에서 도주」 | 바 「언젠가 그 바다로」미발생
ヴァイル,바일,0_64,猫捕り,고양이 잡기,호友 20이상 | 사 「안뜰의 고양이」
ヴァイル,바일,0_65,偏食と礼節,편식과 예절,바 이벤트 6회 이상 | 리 「폐하와 점심 1」
ヴァイル,바일,0_66,湖上の約束,호수 위의 약속,바 「호수로 가자는 권유」
ヴァイル,바일,0_67,衣裳選び,의상 선택,호愛 25이상
ヴァイル,바일,0_68,玉座を挟んで,옥좌를 사이에 두고,호友-10 이하 | 호감 마이너스 | 명성 10이상 | 왕○
ヴァイル,바일,0_69,嫌いの両想い,서로 싫어하는 마음,호감-20 이하
ヴァイル,바일,0_70,同じように,똑같이,"바 「호수 위의 약속」약속 거부 후, 고백"
ヴァイル,바일,0_71,簡単な方法,간단한 방법,바 「옥좌를 사이에 두고」 | 호감-30 이하
ヴァイル,바일,0_72,期待されること,기대되는 것,호愛-20 이하
ヴァイル,바일,0_73,本物と偽物と,진짜와 가짜와,바 「성 탈출 도움」 | 호愛-10 이하 | 호감 마이너스
ヴァイル,바일,0_74,舞踏会の合間に,무도회 사이에,호友 35이상 | 무도회 2회째 이후
ヴァイル,바일,0_75,取立て1,회수 1,호감 20이상 | 모 「올바른 것은」 | 모 호감 10이상
ヴァイル,바일,0_76,結婚の覚悟,결혼의 각오,바 「호수 위의 약속」약속 | 바 「약혼자라는 것」 | 바 「왕의 반려 목적」
ヴァイル,바일,0_77,猫の餌場で,고양이를 꾀어내는 곳,바 「독고양이」
ヴァイル,바일,0_78,施しの味,은혜의 맛,바 「시찰 동행」 | 톳 「이면 공작 2」 의뢰 없음
ヴァイル,바일,0_79,隠された候補者,숨겨진 후보자,모 「존재 증명」
ヴァイル,바일,0_81,いつかあの海へ,언젠가 그 바다로,호友 30이상
ヴァイル,바일,0_82,雨と雪と,비도 눈도,호友 30이상 | 바 「언젠가 그 바다로」
ヴァイル,바일,0_83,約束の最後,약속의 최후,호友 30이상 | 바 「비도 눈도」
ヴァイル,바일,0_84,一緒に試合見物,함께 시합 구경,시합 구경 | 호友 25이상 최대
ヴァイル,바일,0_85,御前試合強制,어전 시합 강제,바 출장 승낙 후 두 달 출장 없음 | 호友 0이상 | 체력 50이상 | 기력 50이상
ヴァイル,바일,0_86,殺害,살해,인愛-35 이하 | 試合出場/ヴ体力50以下orヴ「最後の日」orヴ「いざ尋常に」
ヴァイル,바일,0_90,思い出す匂い,思い出す匂い,호友 20이상 | 호愛 20 미만
ヴァイル,바일,0_91,古都への追放,古都への追放,タ「残るわだかまり」 | 호友 20이상
ヴァイル,바일,0_101,婚約者とかって,약혼자라는 것,인愛 20이상 | 리 인友 10이상
ヴァイル,바일,0_103,品格と歴史,품격과 역사,호愛 20이상 | 타 호愛-20이상 | タ好友20未満
ヴァイル,바일,0_104,隠されるもの,숨겨지는 것,바 「시찰 동행」
ヴァイル,바일,0_111,王配狙い,왕의 반려 목적,印愛25以上orユ印愛25以上
ヴァイル,바일,0_115,毒猫,독고양이,바 「고양이 잡기」위치를 알려준다 | 사 「안뜰의 고양이」
ヴァイル,바일,0_120,内と外と,안과 밖과,타 「받아야만 하는 죗값」고백 없음
ヴァイル,바일,0_125,永遠の少年,영원의 소년,인愛 20이상 | 루 인愛 20이상
ヴァイル,바일,0_128,残るわだかまり,残るわだかまり,ヴ「この身に余る名誉」
ヴァイル,바일,0_129,この身に余る名誉,この身に余る名誉,톳 「중개의 답례」 | ヴ好愛20以上or-20以下
ヴァイル,바일,0_130,減らず口の代償,減らず口の代償,ヴ「品格と歴史」
ヴァイル,바일,0_201,最後の日,마지막 날,인愛 35이상 | or인愛-35 이하 | or인友 35이상
ヴァイル,바일,0_202,最後の裏切,마지막 배반,"애정 ED 확정 후, 반대 성별 선택"
ヴァイル,바일,0_203,玉座を巡る決闘,옥좌를 둘러싼 결투,왕계승 결정 | 호愛-35 이하
ヴァイル,바일,0_205,最後の日・愛情,마지막 날·애정,호愛 35이상
ヴァイル,바일,0_206,最後の日・憎悪,마지막 날·증오,호愛-35 이하
ヴァイル,바일,0_207,最後の日・友情,마지막 날·우정,호友 35이상
ヴァイル,바일,0_208,最後の日・無関心,마지막 날·무관심,호愛 34~-34 | 호友 34 이하
ヴァイル,바일,0_210,エンディング・愛情,엔딩·애정,verA:바 「마지막 날」결혼 승낙 | verB:바「엇갈림 끝에」생환
ヴァイル,바일,0_211,エンディング・憎悪,엔딩·증오,"바 「옥좌를 둘러싼 결투」 | verA:왕위 계승 ,  verB:호友 높음 | verC:호友 낮음"
ヴァイル,바일,0_212,エンディング・友情,엔딩·우정,verA:왕위 계승 | verB:왕 이외
ヴァイル,바일,0_213,エンディング・裏切,엔딩·배반,verA:바 「마지막 배반」 | verB:바「엇갈림 끝에」생환
ヴァイル,바일,0_214,エンディング・殺害,엔딩·살해,verA:바 「엇갈림 끝에」독살 | verB:시합에서 살상 | verC:바 「마지막 날」 추락사
ヴァイル,바일,0_1000,ダミーイベント,더미 이벤트,
タナッセ,타낫세,1_1,登場,등장,
タナッセ,타낫세,1_2,婚姻の取引き,혼인의 거래,인愛-25 이하 | 호愛-25 이하 | 명성 30이상 | 왕○or△
タナッセ,타낫세,1_3,取引の代償,거래의 대가,약혼○ | 왕×
タナッセ,타낫세,1_4,祝福の徴,축복의 징표,호友 20이상 | 바 「호수 위의 약속」약속 | 바 호愛 30이상
タナッセ,타낫세,1_5,発覚,발각,타 「수취인 부재」편지 파기
タナッセ,타낫세,1_6,ランテの晩餐,란테의 만찬,호감 마이너스 | 바 호감 40이상 | 바 호愛 15이상
タナッセ,타낫세,1_7,ささやかな儀式,자그마한 의식,타 「란테의 만찬」미승낙 | 호愛 20이상
タナッセ,타낫세,1_8,いる理由,있는 이유,호友 or호愛 35이상 | 바 호友 35이상
タナッセ,타낫세,1_9,宿題提出,숙제 제출,타 「지혜의 시대」
タナッセ,타낫세,1_10,詩人の正体,시인의 정체,시인 플래그 5이상
タナッセ,타낫세,1_11,いざ尋常に,정정당당하게,최고 능력치:지력 100이상
タナッセ,타낫세,1_12,似た者同士,서로 닮은 사람끼리,호友 15이상 | 능력치 종합 500이상 | 리 이벤트 6회 이상
タナッセ,타낫세,1_13,覆われし本性,가려진 본성,호友 25이상 | 유 인愛 25이상
タナッセ,타낫세,1_18,望まぬ縁,바라지 않는 인연,호友 30이상
タナッセ,타낫세,1_19,不穏,불온,호愛-35 이하 | 호감+바 호愛 마이너스 | 약혼중
タナッセ,타낫세,1_20,与えられるべき報い,받아야만 하는 죗값,"타 「신의 업, 사람의 업」"
タナッセ,타낫세,1_21,ひそやかな噂,은밀한 소문,랜덤(인愛에 의해 확률 변화)
タナッセ,타낫세,1_22,一緒に訓練,함께 훈련,호友 20이상
タナッセ,타낫세,1_23,武勇に励み,무용에 열심,무용 50이상 | 호愛 최대
タナッセ,타낫세,1_24,知力に励み,지력에 열심,지력 50이상 | 호愛 최대
タナッセ,타낫세,1_25,信仰に励み,신앙에 열심,신앙 50이상 | 호愛 최대
タナッセ,타낫세,1_26,礼節に励み,예절에 열심,예절 50이상 | 호愛 최대
タナッセ,타낫세,1_27,魅力に励み,매력에 열심,매력 50이상 | 호愛 최대
タナッセ,타낫세,1_28,交渉に励み,교섭에 열심,교섭 50이상 | 호愛 최대
タナッセ,타낫세,1_29,威厳に励み,위엄에 열심,위엄 50이상 | 호愛 최대
タナッセ,타낫세,1_30,お見舞い,병문안,체력 19 이하 | 호愛 20이상 최대
タナッセ,타낫세,1_31,告白,고백,인愛 35이상(제일)
タナッセ,타낫세,1_32,嫉妬,질투,호愛 35이상 | 인愛 2번째 이하 | 인愛 최고 캐릭터 호愛 35(루30) 이상
タナッセ,타낫세,1_33,愛しき夢,사랑스러운 꿈,안뜰 점：愛 조작 3회이상
タナッセ,타낫세,1_34,親しき夢,친밀한 꿈,안뜰 점：友 조작 3회이상
タナッセ,타낫세,1_40,相応しい場所,相応しい場所,家畜小屋訪問二回以上
タナッセ,타낫세,1_41,あなたを謳う,あなたを謳う,타 「시인의 정체」 | 호愛 20이상
タナッセ,타낫세,1_51,初めての市,첫 시장,
タナッセ,타낫세,1_52,正門での邂逅,정문에서의 해후,호감 마이너스
タナッセ,타낫세,1_53,玉座を望み,옥좌를 바라는 마음,호감 마이너스
タナッセ,타낫세,1_54,厭味の応酬,염미의 응수,호감 마이너스
タナッセ,타낫세,1_55,詩の朗読,시의 낭독,호감 마이너스
タナッセ,타낫세,1_56,密かな鍛錬,은밀한 단련,호감 마이너스
タナッセ,타낫세,1_57,衣裳部屋にて,의상실에서,호감 마이너스
タナッセ,타낫세,1_58,待ち人あり,기다리는 사람 있음,타 「정문에서의 해후」
タナッセ,타낫세,1_59,類いなき籠,비길 것 없는 바구니,타 「옥좌를 바라는 마음」 | 타 「시의 낭독」 | 타 「시인의 정체」미발생
タナッセ,타낫세,1_60,見世物芸人,구경거리 광대,타 「염미의 응수」 | 호감 마이너스 | 로 호감 20이상
タナッセ,타낫세,1_61,知恵の時代,지혜의 시대,타 「시의 낭독」 | 지력 10이상
タナッセ,타낫세,1_62,印と才と,표식과 재능,타 「은밀한 단련」 | 호友 0이상
タナッセ,타낫세,1_63,善意の忠告,선의의 충고,무도회 참가 | 호愛 10이상 or-10 이하 | or호友 10이상 or약혼○
タナッセ,타낫세,1_64,受取人不在,수취인 부재,타 「기다리는 사람 있음」
タナッセ,타낫세,1_65,身の程知らずの願い,분수 모르는 소원,타 「비길 것 없는 바구니」 | 호감 마이너스 | 왕○
タナッセ,타낫세,1_66,詩歌披露会,시가 공개회,타 「비길 것 없는 바구니」
タナッセ,타낫세,1_67,時間の無駄,시간낭비,타 「시인의 정체」미발생 | 모 「평판의 시인」 | 타 「지혜의 시대」 | /타 「쓸데없는 참견」
タナッセ,타낫세,1_68,励みの理由は,격려의 이유는,타 「표식과 재능」
タナッセ,타낫세,1_69,従兄弟同士,사촌형제끼리,타 「의상실에서」 | 유 「치장의 마음」
タナッセ,타낫세,1_70,緊急の手段,긴급 수단,타 「정문에서의 해후」 | 호감-40 이하
タナッセ,타낫세,1_71,選定の印,선정의 표식,타 「비길 것 없는 바구니」 | 호友 or호愛 35이상 | 호愛 35이상은 하루 종일 발생
タナッセ,타낫세,1_72,愚者と賢者,어리석은 자와 현자,호愛-20 이하 | 예절 50 미만 | 톳 호위 취임중
タナッセ,타낫세,1_73,詩人の名,시인의 이름,타 「시인의 정체」 | 호友 30이상
タナッセ,타낫세,1_74,最期の決闘,최후의 결투,호감-25 이하 | 바 호愛 35이상
タナッセ,타낫세,1_75,もう一つの未来,또 하나의 미래,호감 20이상 | 호愛 35이상은 하루 종일 발생
タナッセ,타낫세,1_76,取立て2,회수 2,호감 0이상 | 모 「올바른 것은」 | 모 호감 20이상
タナッセ,타낫세,1_77,珍獣の心得,진귀한 짐승의 마음가짐,환담 종료시 인기 낮다 | 타 이벤트 6회 이상
タナッセ,타낫세,1_78,クレッセ,쿠렛세,타 「바라지 않는 인연」
タナッセ,타낫세,1_80,神の業、人の業,"신의 업, 사람의 업",타 「불온」 | 호위 없음
タナッセ,타낫세,1_81,雨の中の追跡,빗속의 추적,中庭「見かけた人影」派生 | 무용 25이상 | 好友29以下/好愛29以下
タナッセ,타낫세,1_82,雨の中の密会,빗속의 밀회,中庭「見かけた人影」派生 | 타 「빗속의 추적」 | 무용 25이상 | 好友29以下/好愛29以下
タナッセ,타낫세,1_83,雨の中の遭遇,빗속의 만남,中庭「見かけた人影」派生 | 무용 25이상 | 호友 or호愛 30이상
タナッセ,타낫세,1_84,一緒に試合見物,함께 시합 구경,시합 구경 | 호友 25이상 최대
タナッセ,타낫세,1_85,舞踏会強制,무도회 강제,무도회 비참가 | 약혼○ | 체력 50이상 | 기력 50이상
タナッセ,타낫세,1_86,結果と後悔,결과와 후회,타 「받아야만 하는 죗값」고백
タナッセ,타낫세,1_87,生殺し,반죽임,타 「결과와 후회」
タナッセ,타낫세,1_90,二人の問題,二人の問題,タ「残るわだかまり」 | 호友 20이상
タナッセ,타낫세,1_102,年が明ければ,새해가 되면,인友 20이상 | 리 인友 20이상 | 타 「받아야만 하는 죗값」미발생
タナッセ,타낫세,1_103,品格と歴史,품격과 역사,호愛-20 이하 | タ好友20未満 | 바 호愛 20이상
タナッセ,타낫세,1_105,たまの孝行,드문 효도,호愛 35이상 | 타 「받아야만 하는 죗값」고백
タナッセ,타낫세,1_108,不治の病,불치병,호友 플러스 | 유 인友 15이상
タナッセ,타낫세,1_116,余計なお世話,쓸데없는 참견,모 「평판의 시인」
タナッセ,타낫세,1_119,無言と戯言,무언과 농담,인友 15이상 | 그 인愛 15이상
タナッセ,타낫세,1_128,残るわだかまり,残るわだかまり,ヴ「この身に余る名誉」
タナッセ,타낫세,1_131,王子、使い走り,王子、使い走り,호友 20이상 | タ好友20以上 | 타 「기다리는 사람 있음」
タナッセ,타낫세,1_132,謎のすれ違い,謎のすれ違い,호友 20이상 | テ好友20以上 | 知力50未満
タナッセ,타낫세,1_133,謎の言いがかり,謎の言いがかり,テ「謎のすれ違い」
タナッセ,타낫세,1_201,最後の日,마지막 날,인愛 35이상 | or인愛-35 이하 | or인友 35이상
タナッセ,타낫세,1_202,最後の裏切,마지막 배반,"애정 ED확정 후, 성별 「남자」선택"
タナッセ,타낫세,1_203,婚約破棄,약혼 파기,약혼○
タナッセ,타낫세,1_205,最後の日・愛情,마지막 날·애정,호愛 35이상
タナッセ,타낫세,1_206,最後の日・憎悪,마지막 날·증오,호愛-35 이하
タナッセ,타낫세,1_207,最後の日・友情,마지막 날·우정,호友 35이상
タナッセ,타낫세,1_208,最後の日・無関心,마지막 날·무관심,호愛 34~-34 | 호友 34 이하
タナッセ,타낫세,1_209,最後の日・殺害,마지막 날·살해,타 「받아야만 하는 죗값」고발
タナッセ,타낫세,1_210,エンディング・愛情,엔딩·애정,verA:왕위 계승 | verB:왕 이외
タナッセ,타낫세,1_211,エンディング・憎悪,엔딩·증오,verA:성별남＆바 호愛 35이상 | 　　　 타 「마지막 날」고백 | verB:그 이외
タナッセ,타낫세,1_212,エンディング・友情,엔딩·우정,verA:타 「마지막 날」 만류 | verB:시인의 정체 판명 | verC:그 이외
タナッセ,타낫세,1_213,エンディング・裏切,엔딩·배반,타 「마지막 배반」
タナッセ,타낫세,1_214,エンディング・殺害,엔딩·살해,verA:타 「받아야만 하는 죗값」고발 | verB:타 「마지막 날」살해 성공
タナッセ,타낫세,1_1000,ダミーイベント,더미 이벤트,
リリアノ,릴리아노,2_1,登場,등장,
リリアノ,릴리아노,2_2,心の戦い,마음의 싸움,명성 15이상 | 왕○
リリアノ,릴리아노,2_3,合わぬ気性,맞지 않는 천성,왕○ | 호감 마이너스 | 인상 마이너스
リリアノ,릴리아노,2_4,王への道程,왕이 되는 길,왕○ | 리 「목표로 하는 장소」미발생
リリアノ,릴리아노,2_5,目指す場所,목표로 하는 장소,왕△or× | 리 「왕이 되는 길」미발생
リリアノ,릴리아노,2_6,宝器庫,보물 창고,명성 50이상 | 왕○
リリアノ,릴리아노,2_7,王の仕事,왕의 일,리 「외출 요청」
リリアノ,릴리아노,2_8,籠る心は,틀어박힌 마음은,왕△or× | 명성 20 이하 | 호愛 0이상
リリアノ,릴리아노,2_11,いざ尋常に,정정당당하게,최고 능력치:지력 100이상
リリアノ,릴리아노,2_14,添い遂げる相手,맺어질 상대,호愛 20이상 | 리 「폐하와 점심 4」
リリアノ,릴리아노,2_15,正当なる死,정당한 죽음,호愛 25이상
リリアノ,릴리아노,2_18,適切な処罰,적절한 처벌,그 「부딪치는 검」부상 | 바 호友 20 미만
リリアノ,릴리아노,2_19,人として王として,사람으로서 왕으로서,리 「대역의 처단」이야기
リリアノ,릴리아노,2_21,ひそやかな噂,은밀한 소문,랜덤(인愛에 의해 확률 변화)
リリアノ,릴리아노,2_22,一緒に訓練,함께 훈련,호友 20이상 | 훈련 전반/위엄 | 위엄 30이상
リリアノ,릴리아노,2_23,武勇に励み,무용에 열심,무용 50이상 | 호愛 최대
リリアノ,릴리아노,2_24,知力に励み,지력에 열심,지력 50이상 | 호愛 최대
リリアノ,릴리아노,2_25,信仰に励み,신앙에 열심,신앙 50이상 | 호愛 최대
リリアノ,릴리아노,2_26,礼節に励み,예절에 열심,예절 50이상 | 호愛 최대
リリアノ,릴리아노,2_27,魅力に励み,매력에 열심,매력 50이상 | 호愛 최대
リリアノ,릴리아노,2_28,交渉に励み,교섭에 열심,교섭 50이상 | 호愛 최대
リリアノ,릴리아노,2_29,威厳に励み,위엄에 열심,위엄 50이상 | 호愛 최대
リリアノ,릴리아노,2_30,お見舞い,병문안,체력 19 이하 | 호愛 20이상 최대
リリアノ,릴리아노,2_31,告白,고백,인愛 35이상(제일)
リリアノ,릴리아노,2_32,嫉妬,질투,호愛 35이상 | 인愛 2번째 이하 | 인愛 최고 캐릭터 호愛 35(루30) 이상
リリアノ,릴리아노,2_33,愛しき夢,사랑스러운 꿈,안뜰 점：愛 조작 3회이상
リリアノ,릴리아노,2_34,親しき夢,친밀한 꿈,안뜰 점：友 조작 3회이상
リリアノ,릴리아노,2_40,鋼の意思,鋼の意思,王○宣言五回以上 | パラ「威厳」出現済 | 호友 20이상 | 威厳50未満
リリアノ,릴리아노,2_41,空を睨む,空を睨む,호友 20이상 | ランテ家印愛-50以下
リリアノ,릴리아노,2_51,陛下とお昼１,폐하와 점심 1,
リリアノ,릴리아노,2_52,陛下とお昼２,폐하와 점심 2,리 「폐하와 점심 1」
リリアノ,릴리아노,2_53,陛下とお昼３,폐하와 점심 3,리 「폐하와 점심 2」
リリアノ,릴리아노,2_54,陛下とお昼４,폐하와 점심 4,리 「폐하와 점심 3」
リリアノ,릴리아노,2_55,外出の要請,외출 요청,모 「직접 상소하다」
リリアノ,릴리아노,2_56,試合に出たい,시합에 나가고 싶다,시합 출장
リリアノ,릴리아노,2_57,密かな手合わせ,은밀한 대국,시합 출장 | 표창○ | 무용 149 이하 | 体力80以上
リリアノ,릴리아노,2_58,唯一の趣味,유일한 취미,리 「폐하와 점심 4」 | 호友 20이상
リリアノ,릴리아노,2_59,特別なお昼,특별한 점심,리 「유일한 취미」 | 호友 20이상
リリアノ,릴리아노,2_60,王の耳,왕의 귀,리 「폐하와 점심 1」 | 바 「정말 원하는 것」
リリアノ,릴리아노,2_61,いずれ着く処,머지않아 도착하는 곳,리 「폐하와 점심 4」 | 호愛 10이상
リリアノ,릴리아노,2_64,訪問の用件,방문의 용건,리 「폐하와 점심 4」 | or리 이벤트 6회 이상 | 호감 20이상
リリアノ,릴리아노,2_65,王の心得,왕의 마음가짐,리 「방문의 용건」에서 선택 분기
リリアノ,릴리아노,2_66,見出された時機,발견된 시기,리 「방문의 용건」에서 선택 분기
リリアノ,릴리아노,2_67,護衛要請,호위 요청,리 「방문의 용건」에서 선택 분기 | 그 「그에게 해 줄 수 있는 일」
リリアノ,릴리아노,2_68,残された筆跡,남겨진 필적,리 「방문의 용건」에서 선택 분기 | 모 「비밀스러운 부탁」
リリアノ,릴리아노,2_69,生粋の貴族,진짜 귀족,리 「방문의 용건」에서 선택 분기 | 유 이벤트 6회 이상
リリアノ,릴리아노,2_70,親と子と,부모와 아이와,리 「방문의 용건」에서 선택 분기 | 타 이벤트 6회 이상
リリアノ,릴리아노,2_71,ランテの血,란테의 피,리 「방문의 용건」에서 선택 분기 | 바 이벤트 6회 이상
リリアノ,릴리아노,2_72,側にいるもの,곁에 있는 것,리 「방문의 용건」에서 선택 분기 | 로 「빛과 그늘과」
リリアノ,릴리아노,2_73,弟の想い出,남동생의 추억,리 「방문의 용건」에서 선택 분기 | 화제 「이르아노」발생 3회 이상
リリアノ,릴리아노,2_74,離れ離れの伴侶,떨어진 반려,리 「방문의 용건」에서 선택 분기 | 타 「쿠렛세」
リリアノ,릴리아노,2_75,語られぬ王,말할 수 없는 왕,리 「방문의 용건」에서 선택 분기 | 화제 「네세레」발생 3회 이상
リリアノ,릴리아노,2_76,久方ぶりの誘い,오래간만의 권유,무도회/춤 평가 좋음 | 호愛 20이상
リリアノ,릴리아노,2_77,可能性の犯罪,가능성의 범죄,리 「특별한 점심」 | 호友 20이상
リリアノ,릴리아노,2_78,クレッセ,쿠렛세,타 「쿠렛세」에서 분기
リリアノ,릴리아노,2_79,己の行く先,자신의 행선지,호감 20이상
リリアノ,릴리아노,2_81,雨の神殿にて,비 내리는 신전에서,
リリアノ,릴리아노,2_82,唯一絶対の武器,유일하고 절대적인 무기,리 「비 내리는 신전에서」
リリアノ,릴리아노,2_83,かつての面影,일찌기의 모습,호감 30이상 | 화제 「네세레」발생
リリアノ,릴리아노,2_84,一緒に試合見物,함께 시합 구경,시합 구경 | 호友 25이상 최대
リリアノ,릴리아노,2_85,大逆の処断,대역의 처단,타 「받아야만 하는 죗값」고발
リリアノ,릴리아노,2_90,王の徴,王の徴,テ「査問会」王権に関わる発言
リリアノ,릴리아노,2_101,婚約者とかって,약혼자라는 것,인友 10이상 | 바 인愛 20이상
リリアノ,릴리아노,2_102,年が明ければ,새해가 되면,인友 20이상 | 타 인友 20이상 | 타 「받아야만 하는 죗값」미발생
リリアノ,릴리아노,2_105,たまの孝行,드문 효도,타 호愛 35이상 | 타 「받아야만 하는 죗값」고백
リリアノ,릴리아노,2_107,本当の愛,진정한 사랑,유 인愛 15이상
リリアノ,릴리아노,2_117,思惑,의도,틴 「신전의 기대」 | 틴 호감 30이상
リリアノ,릴리아노,2_120,内と外と,안과 밖과,타 「받아야만 하는 죗값」고백 없음
リリアノ,릴리아노,2_201,最後の日,마지막 날,인愛 35이상 | or인愛-35 이하 | or인友 35이상
リリアノ,릴리아노,2_202,最後の裏切,마지막 배반,"애정 ED확정 후, 성별  「여자」 선택"
リリアノ,릴리아노,2_203,継がれゆく世代,이어지는 세대,모 「4대의 최후」살해 폭로 | 인友 35이상 | 모 인友 35이상
リリアノ,릴리아노,2_204,ランテの処刑者,ランテの処刑者,ロ「暗器」 | ヴァイル殺害
リリアノ,릴리아노,2_205,最後の日・愛情,마지막 날·애정,호愛 35이상
リリアノ,릴리아노,2_206,最後の日・憎悪,마지막 날·증오,호愛-35 이하
リリアノ,릴리아노,2_207,最後の日・友情,마지막 날·우정,호友 35이상
リリアノ,릴리아노,2_208,最後の日・無関心,마지막 날·무관심,호愛 34~-34 | 호友 34 이하
リリアノ,릴리아노,2_210,エンディング・愛情,엔딩·애정,verA:왕위 계승 | verB:왕 이외
リリアノ,릴리아노,2_211,エンディング・憎悪,엔딩·증오,verA:리 「마지막 날」피살 | verB:그 이외
リリアノ,릴리아노,2_212,エンディング・友情,엔딩·우정,verA:리 「이어지는 세대」 | verB:왕위 계승 | verC:그 이외
リリアノ,릴리아노,2_213,エンディング・裏切,엔딩·배반,리 「마지막 배반」
リリアノ,릴리아노,2_214,エンディング・殺害,엔딩·살해,verA&B:리 「마지막 날」피살 미수 | verA:왕위 계승　verB:왕 이외 | verC:다른 사람의 손으로 독살 | verD:ヴァイル殺害後に暗殺
リリアノ,릴리아노,2_1000,ダミーイベント,더미 이벤트,
ローニカ,로니카,3_1,登場,등장,
ローニカ,로니카,3_2,城下へのお忍び,성 밖으로 잠행,로 「성 밖의 용무」외출 준비
ローニカ,로니카,3_3,二人の継承者,두 명의 계승자,호友 15이상 | 바 인愛-20 이하
ローニカ,로니카,3_4,悪ふざけ,못된 장난,바 「함께 시합 구경」 내기 패배
ローニカ,로니카,3_5,信頼すべきは,신뢰 해야 할 것은,무도회 불참가 | 시합 불참가 | 바 이벤트 5회 이하
ローニカ,로니카,3_6,改めての指導,다시 지도,사 「가르침·객실」
ローニカ,로니카,3_7,差し出がましくも,주제넘게도,명성 20 이하 | 왕○
ローニカ,로니카,3_10,光と陰と,빛과 그늘과,명성 30이상 | 로 이벤트 10회 이상 | 호愛 20이상 or-20 이하 or호友 30이상
ローニカ,로니카,3_11,闇に生きるもの,어둠 속에서 살아가는 자,로 「해명」 | 명성 50이상 | 호友 25이상
ローニカ,로니카,3_19,裏切りの誘い,배반 권유,로 「어둠 속에서 살아가는 자」 | 인友 35이상 | 리 인愛-20 이하
ローニカ,로니카,3_20,おことわり,거절,로 「배반 권유」보류중 | 호愛-34이상 | 好友35以下
ローニカ,로니카,3_21,ひそやかな噂,은밀한 소문,랜덤(인愛에 의해 확률 변화)
ローニカ,로니카,3_22,一緒に訓練,함께 훈련,호友 20이상 | 훈련 전반/예절
ローニカ,로니카,3_23,武勇に励み,무용에 열심,무용 50이상 | 호愛 최대
ローニカ,로니카,3_24,知力に励み,지력에 열심,지력 50이상 | 호愛 최대
ローニカ,로니카,3_25,信仰に励み,신앙에 열심,신앙 50이상 | 호愛 최대
ローニカ,로니카,3_26,礼節に励み,예절에 열심,예절 50이상 | 호愛 최대
ローニカ,로니카,3_27,魅力に励み,매력에 열심,매력 50이상 | 호愛 최대
ローニカ,로니카,3_28,交渉に励み,교섭에 열심,교섭 50이상 | 호愛 최대
ローニカ,로니카,3_29,威厳に励み,위엄에 열심,위엄 50이상 | 호愛 최대
ローニカ,로니카,3_30,お見舞い,병문안,체력 19 이하 | 호愛 20이상 최대
ローニカ,로니카,3_31,告白,고백,인愛 35이상(제일)
ローニカ,로니카,3_32,嫉妬,질투,호愛 35이상 | 인愛 2번째 이하 | 인愛 최고 캐릭터 호愛 35(루30) 이상
ローニカ,로니카,3_33,愛しき夢,사랑스러운 꿈,안뜰 점：愛 조작 3회이상
ローニカ,로니카,3_34,親しき夢,친밀한 꿈,안뜰 점：友 조작 3회이상
ローニカ,로니카,3_40,全ては巡り合わせ,全ては巡り合わせ,로 「해명」 | 武勇50未満
ローニカ,로니카,3_41,暗器,暗器,로 「배반 권유」보류중 | 리 인애 25 이상 | 바 인애- 35 이하 & 바 인우 35 이상
ローニカ,로니카,3_51,広間でお茶を,객실에서 차를,
ローニカ,로니카,3_52,城での交流,성에서의 교류,로 「객실에서 차를」
ローニカ,로니카,3_53,貴族というもの,귀족이라는 것,로 「성에서의 교류」
ローニカ,로니카,3_54,戦術指南,전술 지도,시합 구경
ローニカ,로니카,3_55,市の日,장날,로 「성에서의 교류」
ローニカ,로니카,3_56,城下への用事,성 밖의 용무,로 「성에서의 교류」
ローニカ,로니카,3_57,悩みの相談,고민 상담,로 「귀족이라는 것」
ローニカ,로니카,3_58,礼法の意味,예법의 의미,로 「귀족이라는 것」 | 예절 50이상
ローニカ,로니카,3_59,成人の儀,성인 의식,로 「고민 상담」
ローニカ,로니카,3_60,見世物芸人,구경거리 광대,호감 20이상 | 타 「염미의 응수」 | 타 호감 마이너스
ローニカ,로니카,3_61,保護者同行,보호자 동행,톳 「시장에서의 교류」 | 톳 「즐거운 거래」미발생
ローニカ,로니카,3_62,午後の談話,오후의 담화,로 「성인 의식」 | 호감 30이상
ローニカ,로니카,3_63,仕える事仕えられる事,"시중드는 일, 시중받는 일",로 「오후의 담화」에서 선택 분기
ローニカ,로니카,3_64,共にいる者,함께 있는 사람,로 「오후의 담화」에서 선택 분기
ローニカ,로니카,3_65,得難い財産,얻기 어려운 재산,로 「오후의 담화」에서 선택 분기 | 호友 20이상 | 인友 최대 캐릭터 30이상
ローニカ,로니카,3_66,王であること,왕인 것,로 「오후의 담화」에서 선택 분기 | 리 이벤트 6회 이상
ローニカ,로니카,3_67,消えゆく彼の,사라져 가는 그의,로 「오후의 담화」에서 선택 분기 | 로 「생각하는 마음은」네세레이야기
ローニカ,로니카,3_68,ただ一度の過ち,단 한 번의 실수,로 「오후의 담화」에서 선택 분기 | 로 「왕인 것」암살 고백 | 화제 「이르아노」발생
ローニカ,로니카,3_69,幸せな時間,행복한 시간,호감 25이상 | 사 호감 25이상
ローニカ,로니카,3_70,貴族たちの場,귀족들의 장소,호감 40이상 | 무도회 2회째 이후 | 휴식 2회째
ローニカ,로니카,3_72,釈明,해명,로 「빛과 그늘과」
ローニカ,로니카,3_73,忠義と恋情,충의와 연정,호愛 25이상
ローニカ,로니카,3_74,山へと導かれ,산에 이끌림,로 「해명」
ローニカ,로니카,3_75,馳せる想いは,생각하는 마음은,로 「산에 이끌림」
ローニカ,로니카,3_78,クレッセ,쿠렛세,타 「쿠렛세」에서 분기
ローニカ,로니카,3_81,得物の検分,무기의 검시,
ローニカ,로니카,3_82,強さ,강함,로 「무기의 검시」
ローニカ,로니카,3_83,いずれ訪れる,머지않아 방문한다,로 「강함」 | 로 「빛과 그늘과」 | 호友 25이상
ローニカ,로니카,3_84,一緒に試合見物,함께 시합 구경,시합 구경 | 호友 25이상 최대
ローニカ,로니카,3_90,星の下であなたと,星の下であなたと,호감 30이상
ローニカ,로니카,3_104,隠されるもの,숨겨지는 것,바 「시찰 동행」
ローニカ,로니카,3_106,嬉しい発見,기쁜 발견,인友 10이상 | 사 인友 10이상
ローニカ,로니카,3_113,侍従と商人,시종과 상인,호위:톳즈 | 호愛 20이상 | 톳 호愛 35이상
ローニカ,로니카,3_124,逆効果,역효과,사 「가르침·안뜰」
ローニカ,로니카,3_126,護るべきもの,지켜야 할 것,호위:그레오니 | 로 「빛과 그늘과」
ローニカ,로니카,3_134,けしてのまれぬよう,けしてのまれぬよう,호愛 마이너스 | グ好愛マイナス
ローニカ,로니카,3_201,最後の日,마지막 날,인愛 35이상 | or인愛-35 이하 | or인友 35이상
ローニカ,로니카,3_202,最後の裏切,마지막 배반,"애정 ED확정 후, 성별 「남자」선택"
ローニカ,로니카,3_203,想い人の正体,마음에 둔 사람의 정체,호愛 35이상 | 호위:톳즈 | 톳 호愛 35이상
ローニカ,로니카,3_205,最後の日・愛情,마지막 날·애정,호愛 35이상
ローニカ,로니카,3_206,最後の日・憎悪,마지막 날·증오,호愛-35 이하
ローニカ,로니카,3_207,最後の日・友情,마지막 날·우정,호友 35이상
ローニカ,로니카,3_208,最後の日・無関心,마지막 날·무관심,호愛 34~-34 | 호友 34 이하
ローニカ,로니카,3_210,エンディング・愛情,엔딩·애정,verA:로 「마음에 둔 사람의 정체」 | verB:그 이외
ローニカ,로니카,3_211,エンディング・憎悪,엔딩·증오,로 「배반 권유」권유 성공
ローニカ,로니카,3_212,エンディング・友情,엔딩·우정,verA:왕위 계승＆성에 잔류 | verB:왕 이외＆성에 잔류 | verC:방 담당 사퇴
ローニカ,로니카,3_213,エンディング・裏切,엔딩·배반,로 「마지막 배반」
ローニカ,로니카,3_214,エンディング・殺害,엔딩·살해,로 「마지막 날」피살
ローニカ,로니카,3_1000,ダミーイベント,더미 이벤트,
サニャ,사냐,4_1,登場,등장,
サニャ,사냐,4_7,主人の本領,주인의 본분,사 「주인의 기량」 | 명성 50이상
サニャ,사냐,4_8,主人の真価,주인의 진가,사 「주인의 본분」 | 명성 80이상
サニャ,사냐,4_9,新しいケープ,새로운 망토,호愛 20이상 | 매력 50 미만
サニャ,사냐,4_10,懐かしい歌,그리운 노래,호友 30이상
サニャ,사냐,4_11,解任,해임,인상-30 이하
サニャ,사냐,4_12,朝の失敗,아침의 실패,サ「屋上の鳥文小屋」小屋訪問orロ「改めての指導」
サニャ,사냐,4_13,これまでのご無礼,지금까지의 무례,사 「그리운 노래」 친구 말투 승인 | 명성 70 이상
サニャ,사냐,4_14,限界,한계,호友-35 이하 | 인상 마이너스
サニャ,사냐,4_18,神様の間違い,신의 실수,호愛-35 이하 | 사 「작별」
サニャ,사냐,4_19,暇乞い,작별,사 「마을에서 온 전서구」
サニャ,사냐,4_20,帰還の日,귀환의 날,사 「출발의 날」
サニャ,사냐,4_21,ひそやかな噂,은밀한 소문,랜덤(인愛에 의해 확률 변화)
サニャ,사냐,4_22,一緒に訓練,함께 훈련,호감 30이상 | 훈련 전반/휴식
サニャ,사냐,4_23,武勇に励み,무용에 열심,무용 50이상 | 호愛 최대
サニャ,사냐,4_24,知力に励み,지력에 열심,지력 50이상 | 호愛 최대
サニャ,사냐,4_25,信仰に励み,신앙에 열심,신앙 50이상 | 호愛 최대
サニャ,사냐,4_26,礼節に励み,예절에 열심,예절 50이상 | 호愛 최대
サニャ,사냐,4_27,魅力に励み,매력에 열심,매력 50이상 | 호愛 최대
サニャ,사냐,4_28,交渉に励み,교섭에 열심,교섭 50이상 | 호愛 최대
サニャ,사냐,4_29,威厳に励み,위엄에 열심,위엄 50이상 | 호愛 최대
サニャ,사냐,4_30,お見舞い,병문안,체력 19 이하 | 호愛 20이상 최대
サニャ,사냐,4_31,告白,고백,인愛 35이상(제일)
サニャ,사냐,4_32,嫉妬,질투,호愛 35이상 | 인愛 2번째 이하 | 인愛 최고 캐릭터 호愛 35(루30) 이상
サニャ,사냐,4_33,愛しき夢,사랑스러운 꿈,안뜰 점：愛 조작 3회이상
サニャ,사냐,4_34,親しき夢,친밀한 꿈,안뜰 점：友 조작 3회이상
サニャ,사냐,4_40,土豚のいなし方,土豚のいなし方,サ「変わらないところ」
サニャ,사냐,4_51,初めての市,첫 시장,
サニャ,사냐,4_52,見つからない探し物,발견되지 않는 찾는 물건,
サニャ,사냐,4_53,村はどっち？,마을은 어느 쪽?,사 「발견되지 않는 찾는 물건」
サニャ,사냐,4_54,文字のお勉強,문자 공부,사 「마을은 어느 쪽?」
サニャ,사냐,4_55,噂の現場,소문의 현장,사 「마을은 어느 쪽?」
サニャ,사냐,4_56,商人への預けもの,상인에게 맡긴 물건,사 「마을은 어느 쪽?」
サニャ,사냐,4_57,中庭の猫さん,안뜰의 고양이,사 「소문의 현장」
サニャ,사냐,4_58,繕いもの,의상 수선,사 「발견되지 않는 찾는 물건」
サニャ,사냐,4_59,広間の遭遇,객실의 만남,인상-21 이하 | 호감 마이너스
サニャ,사냐,4_60,市での交流,시장에서의 교류,톳 「상인 체험」
サニャ,사냐,4_61,村への鳥文,마을로 보내는 전서구,사 「문자 공부」 | 호友 20이상
サニャ,사냐,4_62,屋上の鳥文小屋,옥상의 전서구 오두막,사 「마을로 보내는 전서구」
サニャ,사냐,4_63,あつらえの品,맞춤 의상,사 「의상 수선」 | 호友 20이상 | 매력 20이상
サニャ,사냐,4_64,村からの鳥文,마을에서 온 전서구,사 「아침의 실패」
サニャ,사냐,4_65,石蹴り遊び,돌 차는 놀이,사 「마을은 어느 쪽?」
サニャ,사냐,4_66,詩歌披露会,시가 공개회,타 「염미의 응수」 | 타 「비길 것 없는 바구니」
サニャ,사냐,4_67,主人の器量,주인의 기량,사 「소문의 현장」 | 호감 30이상 | 명성 29 이하
サニャ,사냐,4_68,本当の自分は,진정한 자신은,사 「돌 차는 놀이」 | 호友 25이상
サニャ,사냐,4_69,幸せな時間,행복한 시간,호감 25이상 | 로 호감 25이상
サニャ,사냐,4_70,出立の日,출발의 날,사 「작별」
サニャ,사냐,4_71,しつけ・中庭,가르침·안뜰,사 「해임」교육 결의
サニャ,사냐,4_72,しつけ・広間,가르침·객실,사 「가르침·안뜰」
サニャ,사냐,4_73,甘さと幸せ,달콤함과 행복,호友 25이상 | 루 「뜻밖의 재난」
サニャ,사냐,4_77,猫の餌場で,고양이를 꾀어내는 곳,사 「독고양이」
サニャ,사냐,4_81,焼き立てのケーキとお茶で,갓 구운 케이크와 차로,
サニャ,사냐,4_82,老貴族からの忠告,늙은 귀족의 충고,사 「갓 구운 케이크와 차로」
サニャ,사냐,4_83,お魚お肉,생선 고기,사 「늙은 귀족의 충고」 | 호감 10이상
サニャ,사냐,4_84,一緒に試合見物,함께 시합 구경,시합 구경 | 호友 25이상 최대
サニャ,사냐,4_85,お休みを与えて,휴가를 주세요,고백 승낙
サニャ,사냐,4_90,変わらないところ,変わらないところ,家畜小屋訪問済 | サ「懐かしい歌」未発生
サニャ,사냐,4_91,しつけ・舞踏会,しつけ・舞踏会,사 「가르침·객실」 | 무도회 참가
サニャ,사냐,4_106,嬉しい発見,기쁜 발견,인友 10이상 | 로 인友 10이상
サニャ,사냐,4_114,目立たぬ工夫,눈에 띄지 않는 연구,인友 15이상 | 유 인友 15이상
サニャ,사냐,4_115,毒猫,독고양이,바 「고양이 잡기」위치를 알려준다 | 사 「안뜰의 고양이」
サニャ,사냐,4_122,育まれた性質,길러진 성질,호위:그레오니
サニャ,사냐,4_123,頼まれていない仕事,부탁받지 않은 일,인友 25이상 | 모 인友 25이상
サニャ,사냐,4_124,逆効果,역효과,사 「가르침·안뜰」
サニャ,사냐,4_201,最後の日,마지막 날,인愛 35이상 | or인愛-35 이하 | or인友 35이상
サニャ,사냐,4_202,最後の裏切,마지막 배반,"애정 ED확정 후, 성별  「여자」 선택"
サニャ,사냐,4_203,共に二人で,함께 둘이서,사 「마지막 날」프로포즈 결심 | 성별 「남자」선택
サニャ,사냐,4_205,最後の日・愛情,마지막 날·애정,호愛 35이상
サニャ,사냐,4_206,最後の日・憎悪,마지막 날·증오,호愛-35 이하
サニャ,사냐,4_207,最後の日・友情,마지막 날·우정,호友 35이상
サニャ,사냐,4_208,最後の日・無関心,마지막 날·무관심,호愛 34~-34 | 호友 34 이하
サニャ,사냐,4_210,エンディング・愛情,엔딩·애정,verA:왕위 계승＆결혼 | verB:왕 이외＆결혼 | verC:현상 유지
サニャ,사냐,4_211,エンディング・憎悪,엔딩·증오,verA:결혼 | verB:명성 높음 | verC:명성 낮음
サニャ,사냐,4_212,エンディング・友情,엔딩·우정,사 「마지막 날」 이야기를 한다
サニャ,사냐,4_213,エンディング・裏切,엔딩·배반,사 「마지막 배반」
サニャ,사냐,4_214,エンディング・殺害,엔딩·살해,verA:죄를 뒤집어씌우다 | verB:사냐 살의 있음
サニャ,사냐,4_1000,ダミーイベント,더미 이벤트,
グレオニー,그레오니,5_1,登場,등장,무용 10이상
グレオニー,그레오니,5_2,お昼は鍋で,점심은 냄비 요리,호友 25이상 | 인友 25이상 | 그 「위사의 기대」미발생
グレオニー,그레오니,5_3,観戦の誘い,관전 권유,그 「어전 시합에서 1」 | 그 「어전 시합에서 2」미발생 | 호감 20이상
グレオニー,그레오니,5_4,違えられた約束,오해한 약속,그 「관전 권유」 | 시합 관람 x
グレオニー,그레오니,5_8,謝罪,사죄,그 「위사의 기대」
グレオニー,그레오니,5_9,彼に出来ること,그에게 해 줄 수 있는 일,인상 40이상 | 고민 상담 4이상
グレオニー,그레오니,5_10,自然の振舞い,자연스러운 행동,호友 30이상
グレオニー,그레오니,5_13,恐れおおいこと,황송한 일,그 「자연스러운 행동」 친구 말투 승인 | 명성 70 이상 | 호愛 마이너스
グレオニー,그레오니,5_15,彼の責任,그의 책임,그 「따라 오는 기색」지시를 따른다
グレオニー,그레오니,5_16,何よりの報酬,최고의 보수,그 「따라 오는 기색」지시 무시
グレオニー,그레오니,5_17,衛士の本音は,위사의 본심은,호愛-25 이하 | 호감 마이너스 | 그 「재대결」
グレオニー,그레오니,5_18,適切な処罰,적절한 처벌,그 「부딪치는 검」부상
グレオニー,그레오니,5_19,覚悟の誘い,각오의 권유,호愛 35이상
グレオニー,그레오니,5_21,ひそやかな噂,은밀한 소문,랜덤(인愛에 의해 확률 변화)
グレオニー,그레오니,5_22,一緒に訓練,함께 훈련,호友 20이상 | 전반 훈련/무용
グレオニー,그레오니,5_23,武勇に励み,무용에 열심,무용 50이상 | 호愛 최대
グレオニー,그레오니,5_24,知力に励み,지력에 열심,지력 50이상 | 호愛 최대
グレオニー,그레오니,5_25,信仰に励み,신앙에 열심,신앙 50이상 | 호愛 최대
グレオニー,그레오니,5_26,礼節に励み,예절에 열심,예절 50이상 | 호愛 최대
グレオニー,그레오니,5_27,魅力に励み,매력에 열심,매력 50이상 | 호愛 최대
グレオニー,그레오니,5_28,交渉に励み,교섭에 열심,교섭 50이상 | 호愛 최대
グレオニー,그레오니,5_29,威厳に励み,위엄에 열심,위엄 50이상 | 호愛 최대
グレオニー,그레오니,5_30,お見舞い,병문안,체력 19 이하 | 호愛 20이상 최대
グレオニー,그레오니,5_31,告白,고백,인愛 35이상(제일)
グレオニー,그레오니,5_32,嫉妬,질투,호愛 35이상 | 인愛 2번째 이하 | 인愛 최고 캐릭터 호愛 35(루30) 이상
グレオニー,그레오니,5_33,愛しき夢,사랑스러운 꿈,안뜰 점：愛 조작 3회이상
グレオニー,그레오니,5_34,親しき夢,친밀한 꿈,안뜰 점：友 조작 3회이상
グレオニー,그레오니,5_40,お昼は肉で,お昼は肉で,グ「お昼は鍋で」 | グ「犬におやつを」
グレオニー,그레오니,5_51,弁明,변명,그 「등장」
グレオニー,그레오니,5_52,御前試合に向けて,어전 시합을 향해,그 「변명」
グレオニー,그레오니,5_53,御前試合にて１,어전 시합에서 1,시합 구경 | 그 「어전 시합에 대비하며」
グレオニー,그레오니,5_54,試合の後,시합 후,그 「어전 시합에서 1」 | 그 「위사의 기대」미발생
グレオニー,그레오니,5_55,怪我,상처,그 「어전 시합에 대비하며」 | 호愛 15이상 | 무용 30이상 | 体力49以下
グレオニー,그레오니,5_56,戸惑い,당황스러움,그 「어전 시합에 대비하며」 | 시합 출장 | 호감 마이너스
グレオニー,그레오니,5_57,第二試合,제2 시합,시합 출장 제2 시합 | 그 「관전 권유」약속 직후× | 그 「시합 후」 | or 「다음을 향한 도전」
グレオニー,그레오니,5_58,御前試合にて２,어전 시합에서 2,시합 구경 | 그 「어전 시합에서 1」
グレオニー,그레오니,5_59,次への挑戦,다음을 향한 도전,그 「어전 시합에 대비하며」 | 시합 첫출장
グレオニー,그레오니,5_60,詩を書く,시를 쓴다,그 「어전 시합에 대비하며」 | 지력 20이상 | 호友 플러스
グレオニー,그레오니,5_61,目指すもの,목표로 하는 것,그 「시합 후」 | 그 「어전 시합에서 2」 | 호友 20이상
グレオニー,그레오니,5_62,落ちていた手紙,떨어져 있던 편지,고민 상담 2이상
グレオニー,그레오니,5_63,期待のまなざし,기대의 눈빛,그 「어전 시합에서 2」 | 그 「시합하러 나오는 의미」미발생
グレオニー,그레오니,5_64,海へ至る道,바다로 향하는 길,그 「착각」 | 고민 상담 3이상
グレオニー,그레오니,5_65,試合に出る意味,시합하러 나오는 의미,그 「어전 시합에서 2」
グレオニー,그레오니,5_66,衛士の思惑,위사의 기대,그 「시합하러 나오는 의미」
グレオニー,그레오니,5_67,護衛要請,호위 요청,리 「방문의 용건」에서 선택 분기 | 그 「그에게 해 줄 수 있는 일」
グレオニー,그레오니,5_68,上から見た景色,위에서 바라본 경치,시합 구경 | 그 호위 취임중
グレオニー,그레오니,5_70,ついてくる気配,따라 오는 기색,그 호위 취임중 | 시장 방문한 적 있음
グレオニー,그레오니,5_71,巡回中・屋上,순회중·옥상,그 「변명」 | 호감 플러스
グレオニー,그레오니,5_72,巡回中・中庭,순회중·안뜰,시장 방문한 적 있음 | 그 「순회중·옥상」 | 호감 플러스
グレオニー,그레오니,5_73,兄と弟,형과 동생,그 「순회중·옥상」 | 그 「자연스러운 행동」 친구 말투 승인
グレオニー,그레오니,5_74,衛士の恋慕,위사의 연모,호愛 25이상 | 유 호友 20이상
グレオニー,그레오니,5_76,再びの対決,재대결,시합 출장 제2 시합 | 그 「제2 시합」 | 그 「관전 권유」약속 직후×
グレオニー,그레오니,5_77,重なる剣,부딪치는 검,시합 출장 제3 시합 | 그 「재대결」 | 그 「관전 권유」약속 직후×
グレオニー,그레오니,5_78,勝利のコイン,승리의 동전,그 「어전 시합에서 2」 | 인愛 30이상 | 고민 상담 2이상
グレオニー,그레오니,5_79,剣の行方,검의 행방,시합 구경 | 그 「각오의 권유」미발생 | 그 「승리의 동전」불출장 권하지 않는다
グレオニー,그레오니,5_80,最後の試合,마지막 시합,시합 구경 | 그 「각오의 권유」
グレオニー,그레오니,5_81,いつものこと,평소의 일,그 「변명」
グレオニー,그레오니,5_82,規則と融通,규칙과 융통,그 「평소의 일」 | 톳 「중개의 답례」
グレオニー,그레오니,5_83,大事な日には,중요한 날에는,그 「평소의 일」
グレオニー,그레오니,5_90,犬におやつを,犬におやつを,그 「변명」 | 家畜小屋訪問済 | 호友 20이상 | グ「自然の振舞い」未発生
グレオニー,그레오니,5_91,露台の月影,露台の月影,그 호위 취임중 | 호愛 25이상
グレオニー,그레오니,5_109,勘違い,착각,인友 15이상 | 틴 인友 15이상
グレオニー,그레오니,5_110,人違い,사람 착각,인友 15이상 | 루 인友 15이상 | 그 「착각」
グレオニー,그레오니,5_119,無言と戯言,무언과 농담,인愛 15이상 | 타 인友 15이상
グレオニー,그레오니,5_122,育まれた性質,길러진 성질,호위:그레오니
グレオニー,그레오니,5_126,護るべきもの,지켜야 할 것,호위:그레오니 | 로 「빛과 그늘과」
グレオニー,그레오니,5_134,けしてのまれぬよう,けしてのまれぬよう,ロ好愛マイナス | 호愛 마이너스
グレオニー,그레오니,5_201,最後の日,마지막 날,인愛 35이상 | or인愛-35 이하 | or인友 35이상
グレオニー,그레오니,5_202,最後の裏切,마지막 배반,"애정 ED확정 후, 성별 「남자」선택"
グレオニー,그레오니,5_203,衛士の決心,위사의 결심,호愛 35이상 | 그 「그의 책임」그만둔다 | 명성 80이상
グレオニー,그레오니,5_205,最後の日・愛情,마지막 날·애정,호愛 35이상
グレオニー,그레오니,5_206,最後の日・憎悪,마지막 날·증오,호愛-35 이하 | 그 「적절한 처벌」
グレオニー,그레오니,5_207,最後の日・友情,마지막 날·우정,호友 35이상
グレオニー,그레오니,5_208,最後の日・無関心,마지막 날·무관심,호愛 34~-34 | 호友 34 이하
グレオニー,그레오니,5_210,エンディング・愛情,엔딩·애정,verA:그 「마지막 시합」우승 | verB:호위 취임 | verC:그 「위사의 결심」
グレオニー,그레오니,5_211,エンディング・憎悪,엔딩·증오,verA:그 「적절한 처벌」 | verB:그 이외
グレオニー,그레오니,5_212,エンディング・友情,엔딩·우정,verA:성에서 도망 | verB:성에 잔류 | verC:호위를 계속
グレオニー,그레오니,5_213,エンディング・裏切,엔딩·배반,그 「마지막 배반」 | verA:그 「마지막 시합」우승 | verB:호위 취임
グレオニー,그레오니,5_214,エンディング・殺害,엔딩·살해,그 「적절한 처벌」＆「마지막 날」고발
グレオニー,그레오니,5_1000,ダミーイベント,더미 이벤트,
モゼーラ,모제라,6_1,登場,등장,지력 10이상
モゼーラ,모제라,6_2,直訴,직접 상소하다,모 「사소한 외출」
モゼーラ,모제라,6_4,泥棒猫,도둑 고양이,모 「적재적소」 | 인愛 20이상 or인愛-20 이하
モゼーラ,모제라,6_6,二つの約束,2개의 약속,호愛 25이상 | 유 호愛 25이상
モゼーラ,모제라,6_7,王の仕事,왕의 일,리 「외출 요청」
モゼーラ,모제라,6_8,督促,독촉,모 「보수 찾기」 | 本持ち出し二月以上
モゼーラ,모제라,6_9,貴族ではなき王,귀족이 아닌 왕,모 「그가 있었던 증거」 | 호友 30이상 | 명성 50이상
モゼーラ,모제라,6_10,存在証明,존재 증명,모 「귀족이 아닌 왕」 | 바 「은혜의 맛」동행·다음달 이후
モゼーラ,모제라,6_11,必要な手助け,필요한 도움,모 「숨겨진 후보자」
モゼーラ,모제라,6_15,どうしてこの城に,어째서 이 성에,호友 35이상
モゼーラ,모제라,6_16,秘密のお願い,비밀스러운 부탁,모 「어째서 이 성에」목적 정답 | 리 「보물 창고」
モゼーラ,모제라,6_17,四代の最期,4대의 최후,모 「어째서 이 성에」목적 정답 | 리 「말할 수 없는 왕」살해 고백
モゼーラ,모제라,6_21,ひそやかな噂,은밀한 소문,랜덤(인愛에 의해 확률 변화)
モゼーラ,모제라,6_22,一緒に訓練,함께 훈련,호友 20이상 | 전반 훈련/지력
モゼーラ,모제라,6_23,武勇に励み,무용에 열심,무용 50이상 | 호愛 최대
モゼーラ,모제라,6_24,知力に励み,지력에 열심,지력 50이상 | 호愛 최대
モゼーラ,모제라,6_25,信仰に励み,신앙에 열심,신앙 50이상 | 호愛 최대
モゼーラ,모제라,6_26,礼節に励み,예절에 열심,예절 50이상 | 호愛 최대
モゼーラ,모제라,6_27,魅力に励み,매력에 열심,매력 50이상 | 호愛 최대
モゼーラ,모제라,6_28,交渉に励み,교섭에 열심,교섭 50이상 | 호愛 최대
モゼーラ,모제라,6_29,威厳に励み,위엄에 열심,위엄 50이상 | 호愛 최대
モゼーラ,모제라,6_30,お見舞い,병문안,체력 19 이하 | 호愛 20이상 최대
モゼーラ,모제라,6_31,告白,고백,인愛 35이상(제일)
モゼーラ,모제라,6_32,嫉妬,질투,호愛 35이상 | 인愛 2번째 이하 | 인愛 최고 캐릭터 호愛 35(루30) 이상
モゼーラ,모제라,6_33,愛しき夢,사랑스러운 꿈,안뜰 점：愛 조작 3회이상
モゼーラ,모제라,6_34,親しき夢,친밀한 꿈,안뜰 점：友 조작 3회이상
モゼーラ,모제라,6_40,親の跡,親の跡,모 「어째서 이 성에」목적 정답 | 知力50未満 | 호감 15이상
モゼーラ,모제라,6_51,本の整理,책 정리,모 「등장」
モゼーラ,모제라,6_52,正しいことは,올바른 것은,모 「책 정리」
モゼーラ,모제라,6_53,ちょっとした外出,사소한 외출,모 「올바른 것은」
モゼーラ,모제라,6_54,勘違いの情熱,착각의 정열,모 「올바른 것은」
モゼーラ,모제라,6_55,読書の楽しみ,독서의 즐거움,도 「책 읽기」 | 호감 15이상
モゼーラ,모제라,6_56,評判の詩人,평판의 시인,타 「비길 것 없는 바구니」
モゼーラ,모제라,6_57,かつていた王,일찌기 있던 왕,모 이벤트 6회 이상 | 호감 25이상
モゼーラ,모제라,6_58,彼がいた証,그가 있었던 증거,호友 20이상 | 도 「네세레」
モゼーラ,모제라,6_59,報酬探し,보수 찾기,루 「지도 보수」책반출약속 | 도 「보수 찾기」미발생 | 호감 15이상
モゼーラ,모제라,6_60,適材適所,적재적소,모 「착각의 정열」
モゼーラ,모제라,6_61,息抜き,숨돌리기,호友 20이상 | 인友 20이상
モゼーラ,모제라,6_62,王の庭,왕의 뜰,호감 20이상 | 왕○
モゼーラ,모제라,6_63,人と神の境,사람과 신의 경계,호愛 20 미만 | 호友 10이상
モゼーラ,모제라,6_64,手助けの必要,도움의 필요,호감 30이상 | 루 이벤트 6회 이상
モゼーラ,모제라,6_65,産みの繋がり,출산의 연결,호愛 20이상
モゼーラ,모제라,6_66,貴族と規則,귀족과 규칙,모 「적재적소」
モゼーラ,모제라,6_67,時間の無駄,시간낭비,타 「시인의 정체」미발생 | 모 「평판의 시인」 | 타 「지혜의 시대」 | /모 「쓸데없는 참견」
モゼーラ,모제라,6_68,残された筆跡,남겨진 필적,리 「방문의 용건」에서 선택 분기 | 모 「비밀스러운 부탁」
モゼーラ,모제라,6_69,遺すための仕事,남기기 위한 일,호友 25이상
モゼーラ,모제라,6_70,舞踏会の日に,무도회 날에,모 「2개의 약속」직후
モゼーラ,모제라,6_71,過ぎた期待,지나친 기대,호愛-20 이하 | 명성 30이상
モゼーラ,모제라,6_72,悪心か誤解か,악의인가 오해인가,모 「도둑 고양이」
モゼーラ,모제라,6_75,取立て1,회수 1,모 「올바른 것은」 | 호감 10이상 | 바 호감 20이상
モゼーラ,모제라,6_76,取立て2,회수 2,모 「올바른 것은」 | 호감 20이상 | 타 호감 0이상
モゼーラ,모제라,6_77,取立て3,회수 3,모 「올바른 것은」 | 호감 20이상 | 유 호감 20이상
モゼーラ,모제라,6_78,取立て4,取立て4,모 「올바른 것은」 | 호감 20이상 | テ好感20以上
モゼーラ,모제라,6_79,隠された候補者,숨겨진 후보자,모 「존재 증명」
モゼーラ,모제라,6_81,王とは？,왕이란?,모 「책 정리」
モゼーラ,모제라,6_82,雨に匂い立つ,비가 오면 풍기는 냄새,모 「왕이란?」
モゼーラ,모제라,6_83,贅沢な服,사치스러운 옷,모 「비가 오면 풍기는 냄새」
モゼーラ,모제라,6_84,一緒に試合見物,함께 시합 구경,시합 구경 | 호友 25이상 최대
モゼーラ,모제라,6_90,宵闇に咲く花,宵闇に咲く花,모 「2개의 약속」직후 | 유 호友 20이상
モゼーラ,모제라,6_116,余計なお世話,쓸데없는 참견,모 「평판의 시인」
モゼーラ,모제라,6_118,本気,진심,유 「깨어난 꿈」 | 인愛 15이상 | 유 인愛 15이상
モゼーラ,모제라,6_123,頼まれていない仕事,부탁받지 않은 일,인友 25이상 | 사 인友 25이상
モゼーラ,모제라,6_136,石のペン先,石のペン先,톳 「중개의 답례」 | モ「かつていた王」
モゼーラ,모제라,6_201,最後の日,마지막 날,인愛 35이상 | or인愛-35 이하 | or인友 35이상
モゼーラ,모제라,6_202,最後の裏切,마지막 배반,"애정 ED확정 후, 성별  「여자」 선택"
モゼーラ,모제라,6_203,継がれゆく世代,이어지는 세대,리 「남겨진 필적」폭로 | 인友 35이상 | 리 인友 35이상
モゼーラ,모제라,6_205,最後の日・愛情,마지막 날·애정,호愛 35이상
モゼーラ,모제라,6_206,最後の日・憎悪,마지막 날·증오,호愛-35 이하
モゼーラ,모제라,6_207,最後の日・友情,마지막 날·우정,호友 35이상
モゼーラ,모제라,6_208,最後の日・無関心,마지막 날·무관심,호愛 34~-34 | 호友 34 이하
モゼーラ,모제라,6_210,エンディング・愛情,엔딩·애정,verA:모 「어째서 이 성에」태생 판명 | verB:왕위 계승 | verC:왕 이외
モゼーラ,모제라,6_211,エンディング・憎悪,엔딩·증오,모 「마지막 날」호愛-35 이하
モゼーラ,모제라,6_212,エンディング・友情,엔딩·우정,verA:모 「이어지는 세대」 | verB:왕위 계승 | verC:왕 이외
モゼーラ,모제라,6_213,エンディング・裏切,엔딩·배반,verA:모 「마지막 배반」 | verB:모 「마지막 날」고발
モゼーラ,모제라,6_214,エンディング・殺害,엔딩·살해,verA:모 「마지막 날」고발＆태생 판명 | verB:모 「마지막 날」고발＆모반 획책
モゼーラ,모제라,6_1000,ダミーイベント,더미 이벤트,
ティントア,틴토아,7_0,戸惑い,당황스러움,好感印象差異大
ティントア,틴토아,7_1,登場,등장,신앙 10이상
ティントア,틴토아,7_2,執拗な追跡,집요한 추적,도망 이벤트 3회 이상
ティントア,틴토아,7_4,もうひとりの邪魔,다른 한 명의 방해,호愛 마이너스 | 루 호愛 20이상
ティントア,틴토아,7_5,彼の訴え,그의 호소,틴 「신관 자격」 | 호友 30이상
ティントア,틴토아,7_6,託された書簡,맡겨진 서간,호友 20이상 | 루 이벤트 6회 이상
ティントア,틴토아,7_7,二つの名前,2개의 이름,틴 「엇갈림」틴에게 협력 | 인상 틴>인상 루
ティントア,틴토아,7_8,心待ちの返事,기다리는 답장,루 「보내진 편지」
ティントア,틴토아,7_9,もうひとりへの想い,다른 한 명을 향한 마음,체념 0 이하
ティントア,틴토아,7_10,もうひとりへの別れ,다른 한 명을 향한 작별 인사,체념 5이상
ティントア,틴토아,7_11,いざ尋常に,정정당당하게,최고 능력치:신앙 100이상
ティントア,틴토아,7_15,茂みから,수풀로부터,틴 「숨바꼭질」
ティントア,틴토아,7_16,途切れた訪問,중단된 방문,루 「돌아갈 장소」자기 방 맡김
ティントア,틴토아,7_17,彼女の行方,그녀의 행방,루 「돌아갈 장소」틴트아 맡김 | 루 익사 or집까지 도달
ティントア,틴토아,7_18,神へ続く道,신에게 가는 길,신전 「신전에의 방문」승낙
ティントア,틴토아,7_19,神の恩恵を背に,신의 은혜를 등에,틴 「사문회」신의 표식 발언
ティントア,틴토아,7_20,秘められぬ想い,숨길 수 없는 마음,틴 「사문회」문제 발언 | 호愛 30이상 | 신전 「신전에의 방문」미승낙
ティントア,틴토아,7_21,ひそやかな噂,은밀한 소문,랜덤(인愛에 의해 확률 변화)
ティントア,틴토아,7_22,一緒に訓練,함께 훈련,호友 20이상 | 전반 훈련/신앙
ティントア,틴토아,7_23,武勇に励み,무용에 열심,무용 50이상 | 호愛 최대
ティントア,틴토아,7_24,知力に励み,지력에 열심,지력 50이상 | 호愛 최대
ティントア,틴토아,7_25,信仰に励み,신앙에 열심,신앙 50이상 | 호愛 최대
ティントア,틴토아,7_26,礼節に励み,예절에 열심,예절 50이상 | 호愛 최대
ティントア,틴토아,7_27,魅力に励み,매력에 열심,매력 50이상 | 호愛 최대
ティントア,틴토아,7_28,交渉に励み,교섭에 열심,교섭 50이상 | 호愛 최대
ティントア,틴토아,7_29,威厳に励み,위엄에 열심,위엄 50이상 | 호愛 최대
ティントア,틴토아,7_30,お見舞い,병문안,체력 19 이하 | 호愛 20이상 최대
ティントア,틴토아,7_31,告白,고백,인愛 35이상(제일)
ティントア,틴토아,7_32,嫉妬,질투,호愛 35이상 | 인愛 2번째 이하 | 인愛 최고 캐릭터 호愛 35(루30) 이상
ティントア,틴토아,7_33,愛しき夢,사랑스러운 꿈,안뜰 점：愛 조작 3회이상
ティントア,틴토아,7_34,親しき夢,친밀한 꿈,안뜰 점：友 조작 3회이상
ティントア,틴토아,7_40,聖書のお話,聖書のお話,틴 「신전의 기대」 | 信仰50未満
ティントア,틴토아,7_51,神官の祈り,신관의 기도,틴 「등장」
ティントア,틴토아,7_52,空を仰いで,하늘을 우러러보며,틴 「신관의 기도」
ティントア,틴토아,7_53,主日礼拝,주일 예배,틴 「하늘을 우러러보며」
ティントア,틴토아,7_54,神殿に来る訳は,신전에 오는 이유는,틴 「주일 예배」 | 호友 10이상
ティントア,틴토아,7_55,祈りと願いと,기도와 소원과,틴 「신전에 오는 이유는」
ティントア,틴토아,7_56,ティントア？,틴트아?,호友 15이상
ティントア,틴토아,7_57,すれ違い,엇갈림,루 「거듭 다짐」
ティントア,틴토아,7_58,お喋りの勧め,수다의 권유,틴 「기도와 소원과」
ティントア,틴토아,7_59,見かけた面会,언뜻 보인 만남,틴 「수다의 권유」
ティントア,틴토아,7_60,神殿の思惑,신전의 기대,틴 「언뜻 보인 만남」
ティントア,틴토아,7_61,神の家,신의 집,틴 「언뜻 보인 만남」
ティントア,틴토아,7_62,叶わぬ事変わらぬ事,이루어지지 않는 것 변하지 않는 것,틴 「신의 집」 | 호友 25이상
ティントア,틴토아,7_63,ひげ伯爵,수염 백작,타 「기다리는 사람 있음」편지를 본다 | 호감 10이상 | ユ「ヤニエ伯爵」未発生
ティントア,틴토아,7_64,聖書勉強会,성서 연구회,틴 「신전의 기대」 | 신앙 50이상
ティントア,틴토아,7_65,人の愛神の愛,사람의 사랑 신의 사랑,틴 「이루어지지 않는 것 변하지 않는 것」 | 호감 30이상
ティントア,틴토아,7_66,神官たる資格,신관 자격,틴 「성서 연구회」참가
ティントア,틴토아,7_67,喧噪の中に,떠들썩함 속에,틴 「신의 집」 | 다리 장식을 틴에 반환 | 체념 4이상 | /외 「첫 시장」
ティントア,틴토아,7_68,神様の言葉,신의 말,틴 「성서 연구회」불참가
ティントア,틴토아,7_70,査問会,사문회,틴 「그의 호소」
ティントア,틴토아,7_71,二者択一,양자택일,루 호愛-20 이하 | 루 「그에게 민폐」 | 틴 「성서 연구회」
ティントア,틴토아,7_72,告白と困惑,고백과 곤혹,호愛 20이상
ティントア,틴토아,7_81,雨の日の憂鬱,비 오는 날의 우울,틴 「신관의 기도」
ティントア,틴토아,7_82,雨の日の探し物,비 오는 날 찾고 있는 것,"中庭「見かけた人影」派生 | 틴 「비 오는 날의 우울」 | or루 「비 오는 날, 나무 아래에서」"
ティントア,틴토아,7_83,あの雨の日,비가 오던 날,中庭「見かけた人影」派生 | 틴 「다른 한 명을 향한 마음」
ティントア,틴토아,7_84,一緒に試合見物,함께 시합 구경,시합 구경 | 호友 25이상 최대
ティントア,틴토아,7_85,心地よいこと,기분 좋은 일,틴 「숨길 수 없는 마음」 서로 좋아함 | 호愛 30이상
ティントア,틴토아,7_86,隠れんぼ,숨바꼭질,틴 「기분 좋은 일」
ティントア,틴토아,7_87,独り占め,독점,틴 「수풀로부터」
ティントア,틴토아,7_90,神の獣,神の獣,家畜小屋訪問済 | 호友 15이상
ティントア,틴토아,7_91,子はかすがいならず,子はかすがいならず,テ「告白と困惑」 | 틴 「언뜻 보인 만남」
ティントア,틴토아,7_109,勘違い,착각,인友 15이상 | 그 인友 15이상
ティントア,틴토아,7_112,神いずこ,신은 어디에,호友 35이상 | 루 호감-21 이하
ティントア,틴토아,7_117,思惑,의도,틴 「신전의 기대」 | 호감 30이상
ティントア,틴토아,7_121,愛の教授,사랑의 가르침,인友 25이상 | 유 「꿈과 욕구」
ティントア,틴토아,7_131,王子、使い走り,王子、使い走り,호友 20이상 | タ好友20以上 | 타 「기다리는 사람 있음」
ティントア,틴토아,7_132,謎のすれ違い,謎のすれ違い,호友 20이상 | タ好友20以上 | 知力50未満
ティントア,틴토아,7_135,家族,가족,諦め3以上 | テ「心待ちの返事」
ティントア,틴토아,7_137,愛の齟齬,愛の齟齬,ユ「愛の教授」 | 틴 인友 25이상
ティントア,틴토아,7_201,最後の日,마지막 날,인愛 35이상 | or인愛-35 이하 | or인友 35이상
ティントア,틴토아,7_202,最後の裏切,마지막 배반,"애정 ED확정 후, 성별 「남자」선택"
ティントア,틴토아,7_203,ただ一つの期待,단 한가지 기대,호友 35이상 | 루 호友 35이상 | 틴 「비가 오던 날」양자 만남
ティントア,틴토아,7_205,最後の日・愛情,마지막 날·애정,호愛 35이상
ティントア,틴토아,7_206,最後の日・憎悪,마지막 날·증오,호愛-35 이하
ティントア,틴토아,7_207,最後の日・友情,마지막 날·우정,호友 35이상
ティントア,틴토아,7_208,最後の日・無関心,마지막 날·무관심,호愛 34~-34 | 호友 34 이하
ティントア,틴토아,7_210,エンディング・愛情,엔딩·애정,verA:주인공 신전에 들어가다 | verB:틴트아 성에 잔류
ティントア,틴토아,7_211,エンディング・憎悪,엔딩·증오,verA:성밖 방문을 방해·넘긴다 | verB:틴 「마지막 날」
ティントア,틴토아,7_212,エンディング・友情,엔딩·우정,verA:틴 「단 한가지 기대」 | verB:주인공 신전에 들어가다 | verC:틴트아 성에 잔류
ティントア,틴토아,7_213,エンディング・裏切,엔딩·배반,"verA:틴 「마지막 배반」＆루 등장 | verB:틴 「마지막 배반」＆루 미등장 | verC: 「마지막 날」다른 사람 방문시, 방해"
ティントア,틴토아,7_214,エンディング・殺害,엔딩·살해,verA:틴 「마지막 날」피살 | verB:틴 「마지막 날」독살 | verC:틴 「마지막 날」마술사 고발
ティントア,틴토아,7_1000,ダミーイベント,더미 이벤트,
ルージョン,루죤,8_1,登場,등장,틴 「틴트아?」
ルージョン,루죤,8_2,渦巻くその力,소용돌이치는 그 힘,마력 5이상 | 호감 0이상 | 루 「만났을 때는?」
ルージョン,루죤,8_3,次の段階,다음 단계,마력 50이상 | 호友 10이상
ルージョン,루죤,8_4,魔術にできること,마술로 할 수 있는 것,모 「보수 찾기」or도 「보수 찾기」
ルージョン,루죤,8_5,見込み違い,오산,타 「구경거리 광대」마술 사용
ルージョン,루죤,8_6,目撃報告,목격 보고,루 「거듭 다짐」거래 발생 | 타 「빗속의 밀회」 남자의 정체에 다가간다
ルージョン,루죤,8_7,神官と魔術師,신관과 마술사,틴 「엇갈림」틴에게 협력 | 인상 루>인상 틴
ルージョン,루죤,8_8,心待ちの返事,기다리는 답장,루 「보내진 편지」
ルージョン,루죤,8_15,茂みから,수풀로부터,틴 「숨바꼭질」
ルージョン,루죤,8_16,別れの挨拶,이별의 인사,호감 20이상 | 톳 「납품업자의 상인」
ルージョン,루죤,8_17,魔術の痕跡,마술의 흔적,마력 80이상 | 루 「방황하는 모습」도움 | 루 이벤트 10회 이상
ルージョン,루죤,8_18,逃げるその先,도망치는 그 앞,루 「모든 것을 결정하는 선택」의무실 보호
ルージョン,루죤,8_19,帰る場所,돌아갈 장소,루 「모든 것을 결정하는 선택」비밀로 보호
ルージョン,루죤,8_20,フードの男,후드 쓴 남자,ル「城へ来た理由」orル城から逃亡
ルージョン,루죤,8_21,ひそやかな噂,은밀한 소문,랜덤(인愛에 의해 확률 변화)
ルージョン,루죤,8_22,一緒に訓練,함께 훈련,호友 20이상 | 전반 훈련/마력 | 마력 30이상
ルージョン,루죤,8_23,武勇に励み,무용에 열심,무용 50이상 | 호愛 최대
ルージョン,루죤,8_24,知力に励み,지력에 열심,지력 50이상 | 호愛 최대
ルージョン,루죤,8_25,信仰に励み,신앙에 열심,신앙 50이상 | 호愛 최대
ルージョン,루죤,8_26,礼節に励み,예절에 열심,예절 50이상 | 호愛 최대
ルージョン,루죤,8_27,魅力に励み,매력에 열심,매력 50이상 | 호愛 최대
ルージョン,루죤,8_28,交渉に励み,교섭에 열심,교섭 50이상 | 호愛 최대
ルージョン,루죤,8_29,威厳に励み,위엄에 열심,위엄 50이상 | 호愛 최대
ルージョン,루죤,8_30,お見舞い,병문안,체력 19 이하 | 호愛 20이상 최대
ルージョン,루죤,8_31,告白,고백,인愛 35이상(제일)
ルージョン,루죤,8_32,嫉妬,질투,호愛 30이상 | 인愛 2번째 이하 | 인愛 최고 캐릭터 호愛 35이상
ルージョン,루죤,8_33,愛しき夢,사랑스러운 꿈,안뜰 점：愛 조작 3회이상
ルージョン,루죤,8_34,親しき夢,친밀한 꿈,안뜰 점：友 조작 3회이상
ルージョン,루죤,8_40,犬の生まれ変わり,犬の生まれ変わり,마력 50이상 | 호友 20이상 | 교섭 50 미만 | 시합 출장
ルージョン,루죤,8_41,夜風の警告,夜風の警告,호감 20이상 | 城外連続二回訪問
ルージョン,루죤,8_51,降って湧いた災難,뜻밖의 재난,루 「등장」
ルージョン,루죤,8_52,念押し,거듭 다짐,루 「등장」
ルージョン,루죤,8_53,指導報酬,지도 보수,루 「다음 단계」 | 루 「오산」미발생
ルージョン,루죤,8_54,気晴らしの質問,기분 전환의 질문,루 「지도 보수」
ルージョン,루죤,8_55,彷徨う姿,방황하는 모습,루 「뜻밖의 재난」 | 루 「소용돌이치는 그 힘」
ルージョン,루죤,8_56,出会った時は？,만났을 때는?,루 「거듭 다짐」
ルージョン,루죤,8_57,すれ違い,엇갈림,루 「거듭 다짐」
ルージョン,루죤,8_58,居られる場所,머무를 장소,루 「만났을 때는?」
ルージョン,루죤,8_59,成人の宣誓,성인의 선서,루 「기분 전환의 질문」 | 호감 10이상
ルージョン,루죤,8_60,ありえぬ存在,있을 수 없는 존재,호友 20이상 | 인友 최고 캐릭터(루 이외) 인友 20이상
ルージョン,루죤,8_61,差し出された手紙,보내진 편지,틴 「맡겨진 서간」편지 수취
ルージョン,루죤,8_62,いらぬお節介,쓸데없는 참견,틴 체념 2 이하
ルージョン,루죤,8_63,響く羽音に,울리는 날개 소리에,루 「머무를 장소」 | 호감 10이상 | 마력 50이상
ルージョン,루죤,8_64,手助けの必要,도움의 필요,모 호감 30이상 | 루 이벤트 6회 이상
ルージョン,루죤,8_65,気になる評判,신경이 쓰이는 평판,호友 25이상 | 틴 이벤트 10회 이상
ルージョン,루죤,8_66,建国王の仕掛け,건국왕의 장치,루 「다음 단계」승낙 | 호友 20이상 | 리 「보물 창고」
ルージョン,루죤,8_67,喧噪を見下ろし,떠들썩한 풍경을 내려다보며,다리 장식을 루에 반환 | 호감 20이상
ルージョン,루죤,8_68,邪魔な存在,거추장스러운 존재,호愛 마이너스 | 인愛 마이너스
ルージョン,루죤,8_69,彼にとっての迷惑,그에게 민폐,틴 「신전의 기대」 | 호감 마이너스
ルージョン,루죤,8_71,二者択一,양자택일,호愛-20 이하 | 루 「그에게 민폐」 | 틴 「성서 연구회」
ルージョン,루죤,8_72,告白と困惑,고백과 곤혹,틴 「고백과 곤혹」에서 분기
ルージョン,루죤,8_73,甘さと幸せ,달콤함과 행복,루 「뜻밖의 재난」 | 사 호友 25이상
ルージョン,루죤,8_74,世界を動かすもの,세계를 움직이는 것,호友 25이상 | 신앙 50이상 | 틴 「성서 연구회」
ルージョン,루죤,8_77,全てを別つ選択,모든 것을 결정하는 선택,루 「목격 보고」 | or 루 「마술의 흔적」 보고
ルージョン,루죤,8_78,再びの訪問,재방문,루 「돌아갈 장소」집까지 동행
ルージョン,루죤,8_79,城へ来た理由,성에 온 이유,루 「재방문」
ルージョン,루죤,8_80,老魔女の独白,늙은 마녀의 독백,루 「후드 쓴 남자」
ルージョン,루죤,8_81,雨の日、木の下で,"비 오는 날, 나무 아래에서",中庭「見かけた人影」派生 | 마력 20이상
ルージョン,루죤,8_82,雨天閲覧,우천 열람,ル「雨の日、木の下で」orテ「雨の日の憂鬱」
ルージョン,루죤,8_83,あの雨の日,비가 오던 날,틴 「다른 한 명을 향한 마음」
ルージョン,루죤,8_84,一緒に試合見物,함께 시합 구경,시합 구경 | 호友 25이상 최대
ルージョン,루죤,8_90,人と獣の,人と獣の,テ「神の獣」 | 호友 15이상
ルージョン,루죤,8_110,人違い,사람 착각,인友 15이상 | 그 인友 15이상 | 그 「착각」
ルージョン,루죤,8_112,神いずこ,신은 어디에,호감-20 이하 | 틴 호友 35이상
ルージョン,루죤,8_125,永遠の少年,영원의 소년,인愛 20이상 | 바 인愛 20이상
ルージョン,루죤,8_133,謎の言いがかり,謎の言いがかり,テ「謎のすれ違い」
ルージョン,루죤,8_135,家族,가족,諦め3以上 | テ「心待ちの返事」
ルージョン,루죤,8_201,最後の日,마지막 날,인愛 35이상 | or인愛-35 이하 | or인友 35이상
ルージョン,루죤,8_202,魔術師の末路,마술사의 말로,루 「늙은 마녀의 독백」늙은 마녀와 대립
ルージョン,루죤,8_203,ただ一つの期待,단 한가지 기대,호友 35이상 | 틴 호友 35이상 | 틴 「비가 오던 날」양자 만남
ルージョン,루죤,8_204,成人の儀,성인 의식,ED:애정 or우정
ルージョン,루죤,8_205,最後の日・愛情,마지막 날·애정,호愛 35이상
ルージョン,루죤,8_206,最後の日・憎悪,마지막 날·증오,호愛-35 이하
ルージョン,루죤,8_207,最後の日・友情,마지막 날·우정,호友 35이상
ルージョン,루죤,8_208,最後の日・無関心,마지막 날·무관심,호愛 34~-34 | 호友 34 이하
ルージョン,루죤,8_209,最後の日・殺害,마지막 날·살해,루 「돌아갈 장소」죽게 내버려 둠
ルージョン,루죤,8_210,エンディング・愛情,엔딩·애정,verA:성별 선택 「남자」 | verB:성별 선택 「여자」
ルージョン,루죤,8_211,エンディング・憎悪,엔딩·증오,verA:늙은 마녀 살해＆루 인상 증오 | verB:루 「마지막 날」고발·놓치다
ルージョン,루죤,8_212,エンディング・友情,엔딩·우정,verA:루 「단 한가지 기대」 | verB:마술사 입문
ルージョン,루죤,8_213,エンディング・裏切,엔딩·배반,루 「마지막 날」 내버려두고 귀환 | or루 「마술사의 말로」설득 성공
ルージョン,루죤,8_214,エンディング・殺害,엔딩·살해,verA:루 「마지막 날」종잇조각 건네줌 | verB:집에서 살해　verC:성에서 살해 | verD:마지막 날 이전에 사망
ルージョン,루죤,8_1000,ダミーイベント,더미 이벤트,
トッズ,토즈,9_1,登場,등장,안뜰 「첫 시장」
トッズ,토즈,9_2,身分違い,신분 차이,톳 「중개의 답례」 | 인愛 20이상
トッズ,토즈,9_3,自由というもの,자유라는 것,톳 「중개의 답례」 | 호愛 20이상
トッズ,토즈,9_6,楽しい取引,즐거운 거래,톳 「중개의 답례」 | 호友 20이상 | 인愛 10 미만
トッズ,토즈,9_7,裏工作1,이면 공작 1,톳 「즐거운 거래」거래 성립 | 명성 30이상 | 왕○
トッズ,토즈,9_8,裏工作2,이면 공작 2,톳 「이면 공작 1」 | 명성 50이상 | 왕○
トッズ,토즈,9_9,裏工作3,이면 공작 3,톳 「이면 공작 2」 1이나 2로 의뢰 | 명성 80이상 | 왕○
トッズ,토즈,9_10,息抜きのお誘い,휴식 권유,인상 40이상 | 성 인상 마이너스 | 톳 「즐거운 거래」 | 톳 「고백」미발생
トッズ,토즈,9_11,御用達の商人,납품업자의 상인,톳 「아버지라고 주장하는 남자」 | 호위:톳즈
トッズ,토즈,9_19,追放,추방,인상-30 이하 | 호위:톳즈
トッズ,토즈,9_20,求めるただ一つは,요구하는 단 하나는,톳 「질투」
トッズ,토즈,9_21,ひそやかな噂,은밀한 소문,랜덤(인愛에 의해 확률 변화)
トッズ,토즈,9_22,一緒に訓練,함께 훈련,호友 20이상 | 전반 훈련/교섭 | 톳 「중개의 답례」
トッズ,토즈,9_23,武勇に励み,무용에 열심,무용 50이상 | 호愛 최대
トッズ,토즈,9_24,知力に励み,지력에 열심,지력 50이상 | 호愛 최대
トッズ,토즈,9_25,信仰に励み,신앙에 열심,신앙 50이상 | 호愛 최대
トッズ,토즈,9_26,礼節に励み,예절에 열심,예절 50이상 | 호愛 최대
トッズ,토즈,9_27,魅力に励み,매력에 열심,매력 50이상 | 호愛 최대
トッズ,토즈,9_28,交渉に励み,교섭에 열심,교섭 50이상 | 호愛 최대
トッズ,토즈,9_29,威厳に励み,위엄에 열심,위엄 50이상 | 호愛 최대
トッズ,토즈,9_30,お見舞い,병문안,체력 19 이하 | 호愛 20이상 최대
トッズ,토즈,9_31,告白,고백,인愛 35이상(제일)
トッズ,토즈,9_32,嫉妬,질투,호愛 35이상 | 인愛 2번째 이하 | 인愛 최고 캐릭터 호愛 35(루30) 이상
トッズ,토즈,9_33,愛しき夢,사랑스러운 꿈,안뜰 점：愛 조작 3회이상
トッズ,토즈,9_34,親しき夢,친밀한 꿈,안뜰 점：友 조작 3회이상
トッズ,토즈,9_40,君に似合う色,君に似合う色,護衛就任後、舞踏会参加 | 호友 10이상 | 매력 50 미만
トッズ,토즈,9_51,強引な売り込み,강제적인 판매,톳 「등장」
トッズ,토즈,9_52,謎の雨乞い人形,수수께끼의 기우 인형,톳 「강제적인 판매」
トッズ,토즈,9_53,取次ぎのお願い,중개의 부탁,톳 「수수께끼의 기우 인형」
トッズ,토즈,9_54,取次ぎのお礼,중개의 답례,톳 「중개의 부탁」
トッズ,토즈,9_55,商人体験,상인 체험,톳 「중개의 부탁」
トッズ,토즈,9_56,商人体験再び,다시 상인 체험,톳 「상인 체험」 승낙
トッズ,토즈,9_57,ためらいがちの問い,망설임이 있는 물음,인상 30이상 | 톳 「즐거운 거래」미발생
トッズ,토즈,9_58,彼に飲ませるお茶,그에게 먹이는 차,톳 「중개의 답례」
トッズ,토즈,9_59,取次ぎをもう一度,중개를 한번 더,톳 「중개의 부탁」교섭 실패 | 명성 20이상 | 인愛 or인友 20이상
トッズ,토즈,9_60,市での交流,시장에서의 교류,톳 「상인 체험」
トッズ,토즈,9_61,保護者同行,보호자 동행,톳 「시장에서의 교류」 | 톳 「즐거운 거래」미발생
トッズ,토즈,9_62,情報講座,정보 강좌,톳 「즐거운 거래」거래 성립
トッズ,토즈,9_63,安物の指輪,싸구려 반지,유 「진단을 부탁」 | 톳/유 「아첨」 | 유 호愛 20이상
トッズ,토즈,9_64,波風立たせて,풍파가 일다,톳 「즐거운 거래」거래 성립 | 왕○
トッズ,토즈,9_65,野心の在処,야심이 있는 곳,톳 「즐거운 거래」거래 성립 | 왕△or×
トッズ,토즈,9_70,父と名乗る男,아버지라고 주장하는 남자,톳 「휴식 권유」 | or톳 「고백」사랑의 도피 승낙
トッズ,토즈,9_71,試合のご褒美,시합의 포상,호위:톳즈 | 호愛 35이상 | 무용 200 이하 | /체력 80이상
トッズ,토즈,9_72,愚者と賢者,어리석은 자와 현자,타 호愛-20 이하 | 예절 50 미만 | 톳 호위 취임중
トッズ,토즈,9_73,再び市にて,다시 시장에서,호위:톳즈
トッズ,토즈,9_74,本当の名前,진짜 이름,톳 「다시 시장에서」 에서 선택 분기
トッズ,토즈,9_75,彼の雇い主,그의 고용주,톳 「다시 시장에서」 에서 선택 분기
トッズ,토즈,9_76,内緒の昔,비밀스러운 과거,톳 「다시 시장에서」 에서 선택 분기
トッズ,토즈,9_78,勝利のコイン,승리의 동전,그 「어전 시합에서 2」 | 그 인愛 30이상 | 그 고민 상담 2이상
トッズ,토즈,9_81,奇遇,우연,톳 「중개의 답례」
トッズ,토즈,9_82,規則と融通,규칙과 융통,그 「평소의 일」 | 톳 「중개의 답례」
トッズ,토즈,9_83,かび臭い教え,곰팡내가 많은 가르침,톳 「우연」
トッズ,토즈,9_84,一緒に試合見物,함께 시합 구경,시합 구경 | 호友 25이상 최대
トッズ,토즈,9_90,家畜の生き方,家畜の生き方,톳 「즐거운 거래」거래 성립 | 家畜小屋訪問済
トッズ,토즈,9_91,神のお導き,神のお導き,ト「波風立たせて」 | 명성 80이상
トッズ,토즈,9_113,侍従と商人,시종과 상인,호위:톳즈 | 호愛 35이상 | 로 호愛 20이상
トッズ,토즈,9_127,おべんちゃら,아첨,톳 「중개의 답례」
トッズ,토즈,9_129,この身に余る名誉,この身に余る名誉,톳 「중개의 답례」 | ヴ好愛20以上or-20以下
トッズ,토즈,9_130,減らず口の代償,減らず口の代償,ヴ「この身に余る名誉」
トッズ,토즈,9_136,石のペン先,石のペン先,톳 「중개의 답례」 | モ「かつていた王」
トッズ,토즈,9_201,最後の日,마지막 날,인愛 35이상 | or인愛-35 이하 | or인友 35이상
トッズ,토즈,9_202,最後の裏切,마지막 배반,"애정 ED확정 후, 성별 「남자」선택"
トッズ,토즈,9_203,想い人の正体,마음에 둔 사람의 정체,호愛 35이상 | 호위:톳즈 | 로 호愛 35이상
トッズ,토즈,9_204,駆け落ち,사랑의 도피,톳 「마지막 날」 도망 결의
トッズ,토즈,9_205,最後の日・愛情,마지막 날·애정,호愛 35이상
トッズ,토즈,9_206,最後の日・憎悪,마지막 날·증오,호愛-35 이하
トッズ,토즈,9_207,最後の日・友情,마지막 날·우정,호友 35이상
トッズ,토즈,9_208,最後の日・無関心,마지막 날·무관심,호愛 34~-34 | 호友 34 이하
トッズ,토즈,9_209,最後の日・殺害,마지막 날·살해,톳즈 사망
トッズ,토즈,9_210,エンディング・愛情,엔딩·애정,verA:사랑의 도피 성공 | verB:톳 「마음에 둔 사람의 정체」 | verC:ヴァイルと結婚
トッズ,토즈,9_211,エンディング・憎悪,엔딩·증오,verA:호위 취임 후 | verB:호위 취임 전
トッズ,토즈,9_212,エンディング・友情,엔딩·우정,verA:왕위 계승 | verB:그 이외
トッズ,토즈,9_213,エンディング・裏切,엔딩·배반,verA:톳 「마지막 배반」 | verB:톳 「요구하는 단 하나는」 | 　　 톳 「마지막 날」도망 | verC:ヴァイルと結婚
トッズ,토즈,9_214,エンディング・殺害,엔딩·살해,verA:호위 취임 전 | verB:호위 취임 후·사랑의 도피 실패 | verC:호위 취임 후·처리
トッズ,토즈,9_1000,ダミーイベント,더미 이벤트,
ユリリエ,유리리에,10_1,登場,등장,무도회 참가 | 매력 10이상 | 명성 30이상
ユリリエ,유리리에,10_2,個人授業1,개인 수업 1,유 「도움의 손길」 | 호友 15이상
ユリリエ,유리리에,10_3,個人授業2,개인 수업 2,유 「개인 수업 1」 | 호友 20이상
ユリリエ,유리리에,10_4,個人授業3,개인 수업 3,유 「개인 수업 2」 | 호友 25이상
ユリリエ,유리리에,10_5,昔のことなんて,옛날 일은,유 이벤트 6회 이상
ユリリエ,유리리에,10_6,二つの約束,2개의 약속,호愛 25이상 | 모 호愛 25이상
ユリリエ,유리리에,10_10,愛の理由を,사랑의 이유를,유 「빼앗긴 마음」 | 인愛 30이상
ユリリエ,유리리에,10_12,あの子の想いは,그 아이의 마음은,호友 20이상 | 바 호愛 25이상
ユリリエ,유리리에,10_13,覆われし本性,가려진 본성,인愛 25이상 | 타 호友 25이상
ユリリエ,유리리에,10_19,愛の冒涜,사랑의 모독,유 「고백」 | 다른 캐릭터  「고백」
ユリリエ,유리리에,10_20,重く濁ったもの,무겁게 탁해진 것,유 「사랑의 모독」 | 인愛-35 이하
ユリリエ,유리리에,10_21,ひそやかな噂,은밀한 소문,랜덤(인愛에 의해 확률 변화)
ユリリエ,유리리에,10_22,一緒に訓練,함께 훈련,호友 20이상 | 전반 훈련/매력
ユリリエ,유리리에,10_23,武勇に励み,무용에 열심,무용 50이상 | 호愛 최대
ユリリエ,유리리에,10_24,知力に励み,지력에 열심,지력 50이상 | 호愛 최대
ユリリエ,유리리에,10_25,信仰に励み,신앙에 열심,신앙 50이상 | 호愛 최대
ユリリエ,유리리에,10_26,礼節に励み,예절에 열심,예절 50이상 | 호愛 최대
ユリリエ,유리리에,10_27,魅力に励み,매력에 열심,매력 50이상 | 호愛 최대
ユリリエ,유리리에,10_28,交渉に励み,교섭에 열심,교섭 50이상 | 호愛 최대
ユリリエ,유리리에,10_29,威厳に励み,위엄에 열심,위엄 50이상 | 호愛 최대
ユリリエ,유리리에,10_30,お見舞い,병문안,체력 19 이하 | 호愛 20이상 최대
ユリリエ,유리리에,10_31,告白,고백,인愛 35이상(제일)
ユリリエ,유리리에,10_32,嫉妬,질투,호愛 35이상 | 인愛 2번째 이하 | 인愛 최고 캐릭터 호愛 35(루30) 이상
ユリリエ,유리리에,10_33,愛しき夢,사랑스러운 꿈,안뜰 점：愛 조작 3회이상
ユリリエ,유리리에,10_34,親しき夢,친밀한 꿈,안뜰 점：友 조작 3회이상
ユリリエ,유리리에,10_40,作法と自信と,作法と自信と,ユ「個人授業3」 | 호友 20이상 | 예절 50 미만
ユリリエ,유리리에,10_41,美しさの貌,美しさの貌,モ「宵闇に咲く花」 | 호友 20이상
ユリリエ,유리리에,10_51,装いの心,치장의 마음,유 「등장」
ユリリエ,유리리에,10_52,醒めた夢,깨어난 꿈,유 「치장의 마음」
ユリリエ,유리리에,10_53,朝の出会い,아침의 만남,유 「깨어난 꿈」
ユリリエ,유리리에,10_54,お見立て願い,진단을 부탁,유 「깨어난 꿈」
ユリリエ,유리리에,10_55,初恋,첫사랑,유 「깨어난 꿈」첫사랑 경험 있음 | 호愛 20이상
ユリリエ,유리리에,10_56,ヤニエ伯爵,야니에 백작,타 「기다리는 사람 있음」편지를 본다 | 호감 10이상 | テ「ひげ伯爵」未発生
ユリリエ,유리리에,10_57,救いの手,도움의 손길,호友 10이상 | 호감 30이상 | 무도회/춤 평가 나쁨
ユリリエ,유리리에,10_58,長く短く,길고 짧고,유 「진단을 부탁」 | 호감 10이상 | 바 호감 10이상
ユリリエ,유리리에,10_63,安物の指輪,싸구려 반지,유 「진단을 부탁」 | 톳/유 「아첨」 | 호愛 20이상
ユリリエ,유리리에,10_65,ささやかな相談を,자그마한 상담을,유 이벤트 10회 이상 | 호감 20이상 | 인상 20이상
ユリリエ,유리리에,10_66,迷うべき選択,헤매야 할 선택,유 「자그마한 상담을」에서 선택 분기
ユリリエ,유리리에,10_67,貴族からの評価,귀족으로부터의 평가,유 「자그마한 상담을」에서 선택 분기
ユリリエ,유리리에,10_68,愛の貌は,사랑의 모습은,유 「자그마한 상담을」에서 선택 분기
ユリリエ,유리리에,10_69,従兄弟同士,사촌형제끼리,타 「의상실에서」 | 유 「치장의 마음」
ユリリエ,유리리에,10_70,偉大なる勝利,위대한 승리,유 「2개의 약속」직후
ユリリエ,유리리에,10_71,奪われた想い,빼앗긴 마음,시합 출장 결승 | 유 「깨어난 꿈」 | 호愛 30이상
ユリリエ,유리리에,10_73,忠義と恋情,충의와 연정,로 호愛 25이상
ユリリエ,유리리에,10_74,衛士の恋慕,위사의 연모,그 호愛 25이상 | 호友 20이상
ユリリエ,유리리에,10_75,恋とはそういうもの,사랑이란 그러한 것,호愛 30이상 | 인愛 30이상 | 다른사람 인愛 30이상
ユリリエ,유리리에,10_77,取立て3,회수 3,모 「올바른 것은」 | 호감 20이상 | 모 호감 20이상
ユリリエ,유리리에,10_78,クレッセ,쿠렛세,타 「쿠렛세」에서 분기 | 호감 20이상
ユリリエ,유리리에,10_81,王となること,왕이 된다는 것,유 「치장의 마음」 | 왕○or△
ユリリエ,유리리에,10_82,夢と欲,꿈과 욕구,유 「왕이 된다는 것」 | 왕○or△
ユリリエ,유리리에,10_83,ランテの傲慢,란테의 오만,유 「꿈과 욕구」 | 왕○or△ | 호友 25이상
ユリリエ,유리리에,10_84,一緒に試合見物,함께 시합 구경,시합 구경 | 호友 25이상 최대
ユリリエ,유리리에,10_90,予行演習,予行演習,왕○ | 好友20以上or好愛20以上
ユリリエ,유리리에,10_107,本当の愛,진정한 사랑,인愛 15이상
ユリリエ,유리리에,10_108,不治の病,불치병,인友 15이상 | 타 호友 플러스
ユリリエ,유리리에,10_111,王配狙い,왕의 반려 목적,印愛25以上orヴ印愛25以上
ユリリエ,유리리에,10_114,目立たぬ工夫,눈에 띄지 않는 연구,인友 15이상 | 사 인友 15이상
ユリリエ,유리리에,10_118,本気,진심,유 「깨어난 꿈」 | 인愛 15이상 | 모 인愛 15이상
ユリリエ,유리리에,10_121,愛の教授,사랑의 가르침,유 「꿈과 욕구」 | 틴 인友 25이상
ユリリエ,유리리에,10_127,おべんちゃら,아첨,톳 「중개의 답례」
ユリリエ,유리리에,10_137,愛の齟齬,愛の齟齬,ユ「愛の教授」 | 틴 인友 25이상
ユリリエ,유리리에,10_201,最後の日,마지막 날,인愛 35이상 | or인愛-35 이하 | or인友 35이상
ユリリエ,유리리에,10_202,最後の裏切,마지막 배반,"애정 or 증오 ED 확정 후, 성별 「여자」선택"
ユリリエ,유리리에,10_203,永遠に変わらぬ,영원히 변함없는,호愛 40이상
ユリリエ,유리리에,10_204,神に愛された御方,신에게 사랑받은 분,마지막 날 유 이외 선택 | 선택 캐릭터 인愛 35이상 | 유 「고백」
ユリリエ,유리리에,10_205,最後の日・愛情,마지막 날·애정,호愛 35이상
ユリリエ,유리리에,10_206,最後の日・憎悪,마지막 날·증오,호愛-35 이하
ユリリエ,유리리에,10_207,最後の日・友情,마지막 날·우정,호友 35이상
ユリリエ,유리리에,10_208,最後の日・無関心,마지막 날·무관심,호愛 34~-34 | 호友 34 이하
ユリリエ,유리리에,10_210,エンディング・愛情,엔딩·애정,verA:유 「영원히 변함없는」 | verB:그 이외
ユリリエ,유리리에,10_211,エンディング・憎悪,엔딩·증오,verA:유 「마지막 날」 사랑 요구 | verB:유 「마지막 날」명예 요구 or 매도한다
ユリリエ,유리리에,10_212,エンディング・友情,엔딩·우정,verA:왕위 계승 | verB:그 이외
ユリリエ,유리리에,10_213,エンディング・裏切,엔딩·배반,유 「마지막 배반」 | verA:애정 루트 | verB:증오 루트
ユリリエ,유리리에,10_214,エンディング・殺害,엔딩·살해,verA:유 「마지막 날」호愛 35이상 | verB:유 「마지막 날」호愛-35 이하
ユリリエ,유리리에,10_1000,ダミーイベント,더미 이벤트,
共通/その他,공통/기타,11_1,ひそやかな噂,은밀한 소문,랜덤(인愛에 의해 확률 변화)
共通/その他,공통/기타,11_11,行き交う人々,왕래하는 사람들,
共通/その他,공통/기타,11_12,見覚えのあるラベル,본 기억이 있는 라벨,
共通/その他,공통/기타,11_21,日向ぼっこ,볕쬐기,
共通/その他,공통/기타,11_22,望郷,망향,
共通/その他,공통/기타,11_23,ここから見えるもの,여기에서 보이는 것,屋上「望郷」
共通/その他,공통/기타,11_31,目の保養,눈요기,
共通/その他,공통/기타,11_32,衣裳チェック,의상 체크,魅力20未満
共通/その他,공통/기타,11_33,コーディネイト,코디네이트,魅力20以上50未満
共通/その他,공통/기타,11_41,散歩,산책,
共通/その他,공통/기타,11_42,初めての市,첫 시장,
共通/その他,공통/기타,11_43,市,시장,안뜰 「첫 시장」
共通/その他,공통/기타,11_44,見かけた人影,누군가의 그림자,
共通/その他,공통/기타,11_51,祈り,기도,
共通/その他,공통/기타,11_52,神の恩恵,신의 은혜,信仰10未満
共通/その他,공통/기타,11_53,祈りの意味,기도의 의미,
共通/その他,공통/기타,11_54,聖徒,성도,신앙 10이상 | 神殿「祈りの意味」
共通/その他,공통/기타,11_55,神殿書庫,신전 서고,틴 「성서 연구회」참가
共通/その他,공통/기타,11_56,神殿への訪れ,신전에의 방문,틴 「사문회」문제 발언
共通/その他,공통/기타,11_57,魔とのつながり,마물과의 관계,ル「逃げるその先」見殺し
共通/その他,공통/기타,11_61,雰囲気,분위기,
共通/その他,공통/기타,11_62,老女との邂逅,노파와의 해후,
共通/その他,공통/기타,11_63,国王余話,국왕 여화,玉座の間「老女との邂逅」 | 全選択未完了
共通/その他,공통/기타,11_64,老女の想いは,노파의 마음은,玉座の間「国王余話」全話済 | モ「どうしてこの城に」正解or | リ「語られぬ王」 | orロ「馳せる想いは」正解
共通/その他,공통/기타,11_71,おさらい,복습,
共通/その他,공통/기타,11_72,どれも読めない,어느 것도 읽을 수 없다,知力10未満
共通/その他,공통/기타,11_73,本を読む,책 읽기,지력 10이상
共通/その他,공통/기타,11_74,報酬探し,보수 찾기,루 「지도 보수」책반출약속 | モ「報酬探し」未発生
共通/その他,공통/기타,11_75,督促,독촉,図書室「報酬探し」
共通/その他,공통/기타,11_76,ネセレ,네세레,調べ物分岐 | モ「かつていた王」 | or玉座の間「国王余話」
共通/その他,공통/기타,11_77,ファジル,파질,調べ物分岐 | 玉座の間「国王余話」
共通/その他,공통/기타,11_81,軽い訓練,가벼운 훈련,
共通/その他,공통/기타,11_82,衛士との手合わせ,위사와의 대국,체력 50이상
共通/その他,공통/기타,11_83,衛士の戯れ,위사의 장난,威厳20以下
共通/その他,공통/기타,11_84,彼らの言い分,그들의 말,시합 출장
共通/その他,공통/기타,11_91,歓談,환담,
共通/その他,공통/기타,11_92,ギッセニ男爵,깃세니 남작,매력 50이상
共通/その他,공통/기타,11_93,無礼会への誘い,무례회의 권유,명성 30이상
共通/その他,공통/기타,11_94,無礼会,무례회,広間「無礼会への誘い」 | 명성 30이상
共通/その他,공통/기타,11_95,無礼会・ヴァイル,무례회·바일,広間「無礼会」より選択分岐
共通/その他,공통/기타,11_96,無礼会・タナッセ,무례회·타낫세,広間「無礼会」より選択分岐
共通/その他,공통/기타,11_97,無礼会・リリアノ,무례회·리리아노,広間「無礼会」より選択分岐
共通/その他,공통/기타,11_98,無礼会・ティントア,무례회·틴트아,広間「無礼会」より選択分岐
共通/その他,공통/기타,11_99,無礼会・ユリリエ,무례회·유리리에,広間「無礼会」より選択分岐
共通/その他,공통/기타,11_101,散策,산책,루 「돌아갈 장소」집까지 동행
共通/その他,공통/기타,11_102,死亡,사망,城外連続三回訪問
